id,name,mail_address_1,mail_address_2,city,state,country,zip,phone,fitter,retailer,longitude,latitude,created_at,updated_at,place_id,website,formatted_address,google_places_name
1,Pete's Golf Shop,208 E Jericho Tpke,"Mineola, NY 11501-2034",Mineola,NY,UNITED STATES,11501-2034,516-248-6891,true,true,,,,,,http://www.petesgolf.com/,"208 E Jericho Turnpike, Mineola, NY 11501, USA",Pete's Golf Shop
2,The Golf Guys,3440 Renaissance Blvd Ste 8,"Bonita Springs, FL 34134-7004",Bonita Springs,FL,UNITED STATES,34134-7004,239-948-9840,true,true,,,,,,http://thegolfguysonline.com/,"3440 Renaissance Blvd UNIT 8, Bonita Springs, FL 34134, USA",Golf Guys The
3,New York Golf Center,131 W 35th St Frnt 1,"New York, NY 10001-2111",New York,NY,UNITED STATES,10001-2111,212-564-2255,true,true,,,,,,http://www.nygolfcenter.com/,"131 W 35th St, New York, NY 10001, USA",New York Golf Center
4,Moon Golf,6300 N Wickham Rd Ste 124b,"Melbourne, FL 32940-2037",Melbourne,FL,UNITED STATES,32940-2037,321-752-0078,true,true,,,,,,http://www.moongolf.com/,"6300 N Wickham Rd #124b, Melbourne, FL 32940, USA",Moon Golf- Melbourne
5,Summit Golf School,18 Augusta Pines Dr,"Spring, TX 77389-3592",Spring,TX,UNITED STATES,77389-3592,281-516-1002,true,true,,,,,,http://www.summitgolfschool.com/,"18 Augusta Pines Dr Suite 1000, Spring, TX 77389, USA",Summit Golf School
6,Army Navy Country Club,1700 Army Navy Dr,"Arlington, VA 22202-1640",Arlington,VA,UNITED STATES,22202-1640,703-979-5826,true,true,,,,,,http://www.ancc.org/,"1700 Army Navy Dr, Arlington, VA 22202, USA",Army Navy Country Club
7,Haggin Oaks Golf Shop,3645 Fulton Ave,"Sacramento, CA 95821-1808",Sacramento,CA,UNITED STATES,95821-1808,916-808-2526,true,true,,,,,,http://www.hagginoaks.com/,"3645 Fulton Ave, Sacramento, CA 95821, USA",Haggin Oaks Golf Super Shop
8,PGA TOUR Superstore Greenwood Village,9451 E Arapahoe Rd,"Greenwood Village, CO 80112-3632",Greenwood Village,CO,UNITED STATES,80112-3632,720-266-2400,true,true,,,,,,https://www.pgatoursuperstore.com/stores/greenwood-village-denver-colorado/0601.html,"9451 E Arapahoe Rd, Greenwood Village, CO 80112, USA",PGA TOUR Superstore
9,Golf Headquarters,4610 N Garfield St Ste C3,"Midland, TX 79705-2654",Midland,TX,UNITED STATES,79705-2654,432-686-7367 ,true,true,,,,,,https://www.shopgolfhq.com/,"4610 N Garfield St # C3, Midland, TX 79705, USA",Golf Headquarters
10,PGA TOUR Superstore Downers Grove,1017 Butterfield Rd,"Downers Grove, IL 60515-1007",Downers Grove,IL,UNITED STATES,60515-1007,630-824-2080,true,true,,,,,,https://www.pgatoursuperstore.com/stores/downers-grove-illinois/0702.html,"1017 Butterfield Rd, Downers Grove, IL 60515, USA",PGA TOUR Superstore
11,Bobick's Golf,5200 Bluffton Rd,"Fort Wayne, IN 46809-2164",Fort Wayne,IN,UNITED STATES,46809-2164,260-747-4404,true,true,,,,,,http://www.bobicksgolf.com/,"5200 Bluffton Rd, Fort Wayne, IN 46809, USA",Bobick's Golf Inc
12,Golf Capital Learning Center,200 Netherton Ln,"Crossville, TN 38555-2685",Crossville,TN,UNITED STATES,38555-2685,931-707-0711,true,true,,,,,,http://www.golfcapitaltn.com/programs/,"200 Netherton Ln, Crossville, TN 38555, USA",Golf Capital Learning Center
13,Miles of Golf,3113 Carpenter Rd,"Ypsilanti, MI 48197-9603",Ypsilanti,MI,UNITED STATES,48197-9603,734-973-9004,true,true,,,,,,http://www.milesofgolf.com/,"3113 Carpenter Rd, Ypsilanti, MI 48197, USA",Miles of Golf
14,Carls Golfland Inc,1976 S Telegraph Rd,"Bloomfield Hills, MI 48302-0245",Bloomfield Hills,MI,UNITED STATES,48302-0245,248-335-8095,true,true,,,,,,http://www.carlsgolfland.com/,"1976 S Telegraph Rd, Bloomfield Hills, MI 48302, USA",Carl's Golfland
15,Van's Golf Shops - Scottsdale,8720 E Frank Lloyd Wright Blvd,"Scottsdale, AZ 85260-1926",Scottsdale,AZ,UNITED STATES,85260-1926,480-483-1800,true,true,,,,,,https://www.worldwidegolfshops.com/locations/van-s-golf-shops-scottsdale-8720-e--frank-lloyd-wright-blvd.html,"8720 E. Frank Lloyd Wright Blvd, Scottsdale, AZ 85260, USA",Van's Golf Shops
16,Valley Golf Center,12247 W Indian School Rd,"Avondale, AZ 85392-5646",Avondale,AZ,UNITED STATES,85392-5646,623-935-9351,true,true,,,,,,http://www.valleygolfcenteraz.com/,"12247 W Indian School Rd, Avondale, AZ 85392, USA",Valley Golf Center
18,Corsis Indoor Golf Inc,929 E Pittsburgh St,"Greensburg, PA 15601-3503",Greensburg,PA,UNITED STATES,15601-3503,724-850-2400,true,true,,,,,,http://www.corsisgolf.com/,"929 E Pittsburgh St, Greensburg, PA 15601, USA",Corsi's Indoor Golf Inc
19,Carlsbad Golf Center,2711 Haymar Dr,"Carlsbad, CA 92008-1260",Carlsbad,CA,UNITED STATES,92008-1260,760-720-4653,true,true,,,,,,http://www.carlsbadgolfcenter.com/,"2711 Haymar Dr, Carlsbad, CA 92010, USA",Carlsbad Golf Center
20,Roger Dunn - Santa Ana,1421 Village Way,"Santa Ana, CA 92705-4714",Santa Ana,CA,UNITED STATES,92705-4714,714-558-0074,true,true,,,,,,https://www.worldwidegolfshops.com/locations/roger-dunn-golf-shops-santa-ana-1421-village-way.html,"1421 Village Way, Santa Ana, CA 92705, USA",Roger Dunn Golf Shops
21,Low Country Custom Golf,1137 Johnnie Dodds Blvd,"Mount Pleasant, SC 29464-3101",Mount Pleasant,SC,UNITED STATES,29464-3101,843-442-2160 ,true,true,,,,,,http://www.lowcountrycustomgolf.com/,"1137 Johnnie Dodds Blvd, Mt Pleasant, SC 29464, USA",David Ayres' Lowcountry Custom Golf
22,Golf Care Center,4853 Cordell Ave,"Bethesda, MD 20814-7015",Bethesda,MD,UNITED STATES,20814-7015,301-652-6094,true,true,,,,,,http://www.golfcarecenter.com/,"4828 Del Ray Ave, Bethesda, MD 20814, USA",Golf Care Center Inc
23,Edwin Watts Golf - Orlando,7501 Turkey Lake Rd,"Orlando, FL 32819-5223",Orlando,FL,UNITED STATES,32819-5223,407-345-8451 ,true,true,,,,,,https://www.worldwidegolfshops.com/locations/edwin-watts-golf-orlando-7501-turkey-lake-rd-.html,"7501 Turkey Lake Rd, Orlando, FL 32819, USA",Edwin Watts Golf
24,Pennington Golf Center,29 Route 31 S,"Pennington, NJ 08534-2507",Pennington,NJ,UNITED STATES,08534-2507,609-737-2244,true,true,,,,,,http://www.penningtongolfcenter.com/,"29 NJ-31, Pennington, NJ 08534, USA",Pennington Golf Center
25,Perfect Swing Golf,33 Main St,"Toms River, NJ 08753-7435",Toms River,NJ,UNITED STATES,08753-7435,(732) 503-4709,true,true,,,,,,http://www.perfectswinggolf.com/site/,"33 N Main St, Toms River, NJ 08753, USA",Perfect Swing Golf
26,Fiddlers Green Golf Co Inc,91292 Highway 99 N,"Eugene, OR 97402-9651",Eugene,OR,UNITED STATES,97402-9651,541-689-8464,true,true,,,,,,http://www.fiddlersgreen.com/,"91292 State Hwy 99 N, Eugene, OR 97402, USA",Fiddler's Green Golf Center
27,Puetz Aurora,11762 Aurora Ave N,"Seattle, WA 98133-8248",Seattle,WA,UNITED STATES,98133-8248,206-362-2272 ,true,true,,,,,,http://www.puetzgolf.com/seattle-superstore-&-driving-range,"11762 Aurora Ave N, Seattle, WA 98133, USA",Puetz Golf Seattle Superstore
28,Golf and Ski Warehouse,2 Friel Golf Rd,"Hudson, NH 03051-5247",Hudson,NH,UNITED STATES,03051-5247,603-595-8484,true,true,,,,,,http://www.golfskiwarehouse.com/,"2 Friel Golf Rd, Hudson, NH 03051, USA",Golf & Ski Warehouse Inc
29,Pine Oaks Golf Club,68 Prospect St,"South Easton, MA 02375-1575",South Easton,MA,UNITED STATES,02375-1575,508-238-2320,true,true,,,,,,http://www.pineoaks.com/,"68 Prospect St, South Easton, MA 02375, USA",Pine Oaks Golf Course
30,Golf USA,307 Fort Riley Blvd,"Manhattan, KS 66502-6357",Manhattan,KS,UNITED STATES,66502-6357,785-537-9235,true,true,,,,,,http://golfusamanhattan.com/,"307 Fort Riley Blvd, Manhattan, KS 66502, USA",Golf USA
31,Ball Golf Academy and Range,7501 N Robinson Ave,"Oklahoma City, OK 73116-7760",Oklahoma City,OK,UNITED STATES,73116-7760,405-842-2626,true,true,,,,,,http://ballgolf.com/,"7501 N Robinson Ave, Oklahoma City, OK 73116, USA",Ball Golf Center
32,Golf USA Okc South,14040 Joel Mcdonald Dr Ste B,"Oklahoma City, OK 73134-5101",Oklahoma City,OK,UNITED STATES,73134-5101,405-685-5577 ,true,true,,,,,,https://golfusa.com/,"14040 Joel McDonald Dr, Oklahoma City, OK 73134, USA",Golf USA
33,Lennys Golf Shop,2601 S Parker Rd,"Aurora, CO 80014-1617",Aurora,CO,UNITED STATES,80014-1617,303-369-5900,true,true,,,,,,http://www.lennysskiandgolf.com/,"2601 Parker Rd, Aurora, CO 80014, USA",Lenny's Golf Shop
34,Poe Golf Co,17 S Fourth St,"Columbia, MO 65201-4226",Columbia,MO,UNITED STATES,65201-4226,573-445-7546,true,true,,,,,,http://www.poegolf.com/,"17 S 4th St, Columbia, MO 65201, USA",Poe Golf Company
35,Golf Headquarters,1850 W Ridgeway Ave Ste 1,"Waterloo, IA 50701-4603",Waterloo,IA,UNITED STATES,50701-4603,319-232-3979,true,true,,,,,,http://www.waterloogolfheadquarters.com/,"1850 W Ridgeway Ave, Waterloo, IA 50701, USA",Waterloo Golf Headquarters
36,Rochester Indoor Golf Ctr,1642 Highway 52 N Hillcrest Shopping Ctr,"Rochester, MN 55901-1664",Rochester,MN,UNITED STATES,55901-1664,507-529-0223,true,true,,,,,,http://www.rochesterindoorgolfcenter.com/,"1642 US-52, Rochester, MN 55901, USA",Rochester Indoor Golf Center
37,Pro Am Golf,3174 S Brentwood Blvd,"Saint Louis, MO 63119-1743",Saint Louis,MO,UNITED STATES,63119-1743,314-781-7775 ,true,true,,,,,,https://www.proamgolfusa.com/,"3174 S Brentwood Blvd, St. Louis, MO 63119, USA",Pro Am Golf USA
38,Lous Golf Shop,1405 W Frankford Rd Ste 107,"Carrollton, TX 75007-4900",Carrollton,TX,UNITED STATES,75007-4900,972-446-1418,true,true,,,,,,http://lousgolf.com/,"1405 W Frankford Rd #107, Carrollton, TX 75007, USA",Lou's Golf Shop
39,Ultimate Golf,7203 Kingery Hwy,"Willowbrook, IL 60527-7561",Willowbrook,IL,UNITED STATES,60527-7561,630-323-1244,true,true,,,,,,http://www.ultimategolfillinois.com/,"7203 Kingery Hwy, Willowbrook, IL 60527, USA",Ultimate Golf
40,Club Champion,Willowbrook Key 810 75th St,"Willowbrook, IL 60527-8428",Willowbrook,IL,UNITED STATES,60527-8428,630-654-8887 ,true,true,,,,,,http://www.clubchampiongolf.com/,"810 75th St, Willowbrook, IL 60527, USA",Club Champion
41,The Golf Complex,5980 Us Highway 60 W,"Paducah, KY 42001-9647",Paducah,KY,UNITED STATES,42001-9647,270-442-9221 ,true,true,,,,,,http://www.thegolfcomplex.com/,"5980 US-60, Paducah, KY 42001, USA",Golf Complex
42,Des Plaines Golf Center,353 N River Rd,"Des Plaines, IL 60016-1210",Des Plaines,IL,UNITED STATES,60016-1210,847-803-4757 ,true,true,,,,,,http://www.golfcenterdesplaines.com/,"353 N River Rd, Des Plaines, IL 60016, USA",Golf Center Des Plaines
43,Golf Galaxy Austin Aroboretum,10001 Research Blvd,"Austin, TX 78759-5689",Austin,TX,UNITED STATES,78759-5689,512-502-9231,true,true,,,,,,https://stores.golfgalaxy.com/tx/austin/3201/?seo=localpack,"10001 Research Blvd, Austin, TX 78759, USA",Golf Galaxy
44,Golf School of Indiana,7000 Longest Dr,"Carmel, IN 46033-8829",Carmel,IN,UNITED STATES,46033-8829,317-750-4715 ,true,true,,,,,,http://www.golfschoolofindiana.com/,"7000 Longest Dr, Carmel, IN 46033, USA",Golf School of Indiana
45,Woodforest Golf Club,1199 Fish Creek Thoroughfare,"Montgomery, TX 77316-6944",Montgomery,TX,UNITED STATES,77316-6944,936-588-8800,true,true,,,,,,http://www.woodforestgolf.com/,"1199 Fish Creek Thoroughfare, Montgomery, TX 77316, USA",Woodforest Golf Club
46,Mk Golf Technologies,10412 Gulfdale St,"San Antonio, TX 78216-4129",San Antonio,TX,UNITED STATES,78216-4129,210-392-4858,true,true,,,,,,https://www.mkgolftech.com/,"10412 Gulfdale St, San Antonio, TX 78216, USA",MK Golf Tech
47,Inverness Golf and Repair Inc,4647-d Us Hwy 280,"Birmingham, AL 35242",Birmingham,AL,UNITED STATES,35242,205-991-1008,true,true,,,,,,http://invernessgolfbham.com/,"4647 US-280 D, Birmingham, AL 35242, USA",Inverness Golf & Repair
48,Hornacek's House of Golf Inc,23587 N Scottsdale Rd Ste C4,"Scottsdale, AZ 85255-3470",Scottsdale,AZ,UNITED STATES,85255-3470,480-502-0555,true,true,,,,,,http://hornaceksgolf.com/,"23587 N Scottsdale Rd, Scottsdale, AZ 85255, USA",Hornacek's Golf
49,Cool Clubs,7267 E Adobe Dr Ste 115,"Scottsdale, AZ 85255-4032",Scottsdale,AZ,UNITED STATES,85255-4032,480-284-7766,true,true,,,,,,http://www.coolclubs.com/,"7267 E Adobe Dr Suite 115, Scottsdale, AZ 85255, USA",Cool Clubs
50,All About Golf,1828 E University Dr Ste 7,"Tempe, AZ 85281-4275",Tempe,AZ,UNITED STATES,85281-4275,480-699-7863,true,true,,,,,,http://allaboutgolf.com/,"1828 E University Dr Suite #7, Tempe, AZ 85281, USA",All About Golf
51,Golf Galaxy Chandler,880 N 54th St,"Chandler, AZ 85226-1504",Chandler,AZ,UNITED STATES,85226-1504,480-705-6771,true,true,,,,,,https://stores.golfgalaxy.com/az/chandler/3212/?seo=localpack,"880 N 54th St, Chandler, AZ 85226, USA",Golf Galaxy
52,Windmill Golf Center,1511 E Aurora Rd,"Macedonia, OH 44056-1917",Macedonia,OH,UNITED STATES,44056-1917,330-467-6425,true,true,,,,,,http://www.windmillgolfcenter.com/,"1511 E Aurora Rd, Macedonia, OH 44056, USA",Windmill Golf Center
53,Idle Hour Country Club Pro Shop,251 Idle Hour Dr,"Macon, GA 31210-4701",Macon,GA,UNITED STATES,31210-4701,478-477-8777,true,true,,,,,,http://www.idlehourclub.com/,"251 Idle Hour Dr, Macon, GA 31210, USA",Idle Hour Golf & Country Club
54,Golf Galaxy Robinson,6530 Steubenville Pike,"Pittsburgh, PA 15205-1006",Pittsburgh,PA,UNITED STATES,15205-1006,412-809-0392,true,true,,,,,,https://stores.golfgalaxy.com/pa/pittsburgh/602/?seo=localpack,"6530 Steubenville Pike, Pittsburgh, PA 15205, USA",Golf Galaxy
55,Continental Golf,1401 Capital Blvd,"Raleigh, NC 27603-1119",Raleigh,NC,UNITED STATES,27603-1119,919-833-8887 ,true,true,,,,,,http://www.continentalgolf.net/,"1401 Capital Blvd, Raleigh, NC 27603, USA",Continental Golf
56,PGA TOUR Superstore Jacksonville,Suite 300 4906 Town Center Pkwy,"Jacksonville, FL 32246",Jacksonville,FL,UNITED STATES,32246,904-380-4400,true,true,,,,,,https://www.pgatoursuperstore.com/stores/jacksonville-florida/1209.html,"4906 Town Center Pkwy #300, Jacksonville, FL 32246, USA",PGA TOUR Superstore
57,Golf Shoppe at Sittler,15475 Kutztown Rd,"Kutztown, PA 19530-9348",Kutztown,PA,UNITED STATES,19530-9348,610-683-7232,true,true,,,,,,http://www.sittlergolf.com/,"15475 Kutztown Rd, Kutztown, PA 19530, USA",Sittler Golf Center
58,Keplers Golf,2329 Boulevard Cir,"Walnut Creek, CA 94595-1101",Walnut Creek,CA,UNITED STATES,94595-1101,925-932-8179,true,true,,,,,,http://www.keplersgolf.com/,"2329 Boulevard Cir, Walnut Creek, CA 94595, USA",Kepler's Golf Repair
59,Redtail Golf Center,8200 Sw Scholls Ferry Rd,"Beaverton, OR 97008-6609",Beaverton,OR,UNITED STATES,97008-6609,503-646-5166,true,true,,,,,,http://golfredtail.com/,"8200 SW Scholls Ferry Rd, Beaverton, OR 97008, USA",RedTail Golf Center
60,Pro Golf Discount Inc,13405 Se 30th St Ste 1a,"Bellevue, WA 98005-4412",Bellevue,WA,UNITED STATES,98005-4412,425-401-0388,true,true,,,,,,https://www.golfdiscount.com/,"13405 SE 30th St Suite 1A, Bellevue, WA 98005, USA",Golf Discount
61,Puetz Tukwila,402 Strander Blvd,"Tukwila, WA 98188-2919",Tukwila,WA,UNITED STATES,98188-2919,206-439-1740 STORE,true,true,,,,,,http://www.puetzgolf.com/puetz-golf-tukwila-superstore,"402 Strander Blvd, Tukwila, WA 98188, USA",Puetz Golf Tukwila Superstore
62,Northway Golf Center,1519 Crescent Rd,"Halfmoon, NY 12065-7891",Halfmoon,NY,UNITED STATES,12065-7891,518-371-3141,true,true,,,,,,http://www.northway8golf.com/,"1519 Crescent Rd, Clifton Park, NY 12065, USA",Northway Golf Center
63,Performance Clubworks,1 Sand Cut Rd,"Brookfield, CT 06804-2600",Brookfield,CT,UNITED STATES,06804-2600,203-778-2777,true,true,,,,,,http://www.performanceclubworks.com/,"1 Sand Cut Rd, Brookfield, CT 06804, USA",Performance Clubworks
64,Chris Cotes Golf Shop,750 Portland Cobalt Rd,"Portland, CT 06480-1760",Portland,CT,UNITED STATES,06480-1760,860-342-2226 ,true,true,,,,,,http://www.chriscotegolf.com/,"750 Portland-Cobalt Rd, Portland, CT 06480, USA",Chris Cote's Golf Shop
65,Golf Services Inc,6958 W Main St,"Kalamazoo, MI 49009-8026",Kalamazoo,MI,UNITED STATES,49009-8026,269-372-5956,true,true,,,,,,http://www.golf-services.com/,"6958 W Main St, Kalamazoo, MI 49009, USA",Golf Services
66,Sea Island Golf Club,100 Retreat Rd,"Saint Simons Island, GA 31522-2491",Saint Simons Island,GA,UNITED STATES,31522-2491,912-638-3611 ,true,true,,,,,,https://www.seaisland.com/performance-center/?utm_source=google&utm_medium=organic&utm_campaign=GMB,"100 Retreat Road, Saint Simons Island, GA 31522, USA",Sea Island Golf Performance Center
67,Golfdom,8203 Watson St,"Mclean, VA 22102-4402",Mclean,VA,UNITED STATES,22102-4402,703-790-8844,true,true,,,,,,http://www.golfdomgolf.com/,"8203 Watson St, McLean, VA 22102, USA",Golfdom
69,Golf Exchange,7729 Mall Rd,"Florence, KY 41042-1405",Florence,KY,UNITED STATES,41042-1405,859-282-0444 ,true,true,,,,,,http://www.golfexchange.com/,"7729 Mall Rd, Florence, KY 41042, USA",Golf Exchange
70,New York Golf Center,Chelsea Piers 62 N River,"New York, NY 10011",New York,NY,United States,10011,212-242-8899,true,true,,,,,,http://www.nygolfcenter.com/,"131 W 35th St, New York, NY 10001, USA",New York Golf Center
71,New York Golf Center,100 Park Avenue,"New York, NY 10017",New York,NY,UNITED STATES,10017,212-564-0078,true,true,,,,,,http://www.nygolfcenter.com/,"131 W 35th St, New York, NY 10001, USA",New York Golf Center
72,Koosa Golf - Lexington,5058 Sunset Blvd,"Lexington, SC 29072-9255",Lexington,SC,UNITED STATES,29072-9255,803-359-3333,true,true,,,,,,http://www.koosagolf.com/,"5058 Sunset Blvd, Lexington, SC 29072, USA",Koosa Golf - Lexington
73,"542 - Golf Town, Winnipeg South",2355 Mcgillivray Blvd Unit #150,"Winnipeg, MB R3Y0A1",Winnipeg,MB,CANADA,R3Y0A1,204-488-7480 ,true,true,,,,,,http://www.golftown.com/,"2355 McGillivray Blvd, Winnipeg, MB R3Y 0A1, Canada",Golf Town
74,St. Charles Country Club,100 Country Club Blvd,"Winnipeg, MB R3K1Z3",Winnipeg,MB,CANADA,R3K1Z3,204-888-8229 ,true,true,,,,,,http://www.stcharlescountryclub.ca/,"100 Country Club Blvd, Winnipeg, MB R3K 1Z3, Canada",St Charles Country Club
75,"518 - Golf Town, Winnipeg",915 Empress St. Unit100,"Winnipeg, MB R3G3P8",Winnipeg,MB,CANADA,R3G3P8,204-775-5534 ,true,true,,,,,,http://www.golftown.com/,"915 Empress St, Winnipeg, MB R3G 3P8, Canada",Golf Town
76,"555 - Golf Town, Regina - 555",4720 Gordon Road,"Regina, SK S4W0B7",Regina,SK,CANADA,S4W0B7,306-522-3692 ,true,true,,,,,,http://www.golftown.com/,"4720 Gordon Rd, Regina, SK S4W 0B7, Canada",Golf Town
77,Essex Golf & Country Club,7555 Matchette Road,"Windsor, ON N9J2S4",Windsor,ON,CANADA,N9J2S4,519-734-7816 ,true,true,,,,,,http://www.essexgolf.com/,"7555 Matchette Rd, Windsor, ON N9J 2S4, Canada",Essex Golf & Country Club
78,"535 - Golf Town, Windsor",1695 Manning Road Unit #100,"Windsor, ON N8N2L9",Windsor,ON,CANADA,N8N2L9,519-739-9707 ,true,true,,,,,,http://www.golftown.com/,"1695 Manning Rd, Windsor, ON N8N 2L9, Canada",Golf Town
79,"525 - Golf Town, London",1250 Fanshawe Park Rd West Unit B3,"London, ON N6G5B1",London,ON,CANADA,N6G5B1,519-472-0075 ,true,true,,,,,,http://www.golftown.com/,"1250 Fanshawe Park Rd W, London, ON N6G 5B1, Canada",Golf Town
80,Sunningdale Golf & Country Club Ltd,465 Sunningdale Rd W,"London, ON N6G5B9",London,ON,CANADA,N6G5B9,519-660-8062 ,true,true,,,,,,http://www.sunningdalegolf.com/,"465 Sunningdale Rd W, London, ON N6G 5B9, Canada",Sunningdale Golf & Country Club
81,Riverside Country Club,3180 Grasswood Rd W,"Corman Park, SK S7T1A1",Corman Park,SK,CANADA,S7T1A1,306-373-1292,true,true,,,,,,http://www.riversidecc.ca/,"3180 Grasswood Road West, Corman Park No. 344, SK S7T 1A1, Canada",Riverside Country Club
82,"536 - Golf Town, Saskatoon",#110-3015 Clarence Avenue South,"Saskatoon, SK S7T0B4",Saskatoon,SK,CANADA,S7T0B4,306-652-4571 ,true,true,,,,,,http://www.golftown.com/,"3015 Clarence Ave S, Saskatoon, SK S7T 0B4, Canada",Golf Town
83,"558 - Golf Town, Waterloo",225 The Boardwalk,"Kitchener, ON N2N0B1",Kitchener,ON,CANADA,N2N0B1,519-570-4653 ,true,true,,,,,,http://www.golftown.com/,"225 The Boardwalk, Kitchener, ON N2N 0B1, Canada",Golf Town
84,"526 - Golf Town, Kitchener",310 Fairway Road South Unit 2,"Kitchener, ON N2C1X3",Kitchener,ON,CANADA,N2C1X3,519-893-4954 ,true,true,,,,,,http://www.golftown.com/,"310 Fairway Rd S, Kitchener, ON N2C 1X3, Canada",Golf Town
85,Paradise Canyon G & C,185 Canyon Blvd West,"Lethbridge, AB T1K 6V1",Lethbridge,AB,CANADA,T1K 6V1,403-381-4653,true,true,,,,,,http://www.playinparadise.com/,"185 Canyon Blvd W, Lethbridge, AB T1K 6V1, Canada",Paradise Canyon Golf Resort
86,Lethbridge CC,101 Country Club Rd,"Lethbridge, AB T1K 7N9",Lethbridge,AB,CANADA,T1K 7N9,403-327-6432,true,true,,,,,,https://lccgolf.com/,"101 Country Club Rd, Lethbridge, AB T1K, Canada",Lethbridge Country Club
87,Cambridge Golf & Fashion,611 Hespeler Rd,"Cambridge, ON N1R6J3",Cambridge,ON,CANADA,N1R6J3,519-622-3010,true,true,,,,,,http://cambridgegolfclub.com/,"1346 Clyde Rd, Cambridge, ON N1R 5S7, Canada",Cambridge Golf Club
88,"512 - Golf Town, Hamilton",1100 Golf Links Road Unit 1,"Ancaster, ON L9K1J8",Ancaster,ON,CANADA,L9K1J8,905-304-7405 ,true,true,,,,,,http://www.golftown.com/,"1100 Golf Links Rd, Ancaster, ON L9K 1J8, Canada",Golf Town
89,Burlington Golf & Country Club,422 North Shore Blvd E,"Burlington, ON L7T1W9",Burlington,ON,CANADA,L7T1W9,905-634-7726 ext. 239,true,true,,,,,,http://www.burlingtongolfclub.com/,"422 North Shore Blvd E, Burlington, ON L7T 1W9, Canada",Burlington Golf & Country Club
90,"557 - Golf Town, Burlington",3019 Appleby Line,"Burlington, ON L7M0V7",Burlington,ON,CANADA,L7M0V7,905-331-5865 ,true,true,,,,,,http://www.golftown.com/,"3019 Appleby Line, Burlington, ON L7M 0V7, Canada",Golf Town
91,Brampton Golf Club,7700 Kennedy Road,"Brampton, ON L6W0A1",Brampton,ON,CANADA,L6W0A1,905-457-4443,true,true,,,,,,http://www.bramptongolf.com/,"7700 Kennedy Rd, Brampton, ON L6W 0A1, Canada",Brampton Golf Club
92,"514 - Golf Town, Heartland",785 Britannia Road West Unit 5,"Mississauga, ON L5V2Y1",Mississauga,ON,CANADA,L5V2Y1,905-567-9647 ,true,true,,,,,,http://www.golftown.com/,"785 Britannia Rd W, Mississauga, ON L5V 2Y1, Canada",Golf Town
93,"502 - Golf Town, Mississauga",3050 Vega Blvd. Unit 10b &10c,"Mississauga, ON L5L5X8",Mississauga,ON,CANADA,L5L5X8,905-569-2088 ,true,true,,,,,,http://www.golftown.com/,"3050 Vega Blvd, Mississauga, ON L5L 5X8, Canada",Golf Town
94,The Toronto Golf Club,1305 Dixie Rd,"Mississauga, ON L5E2P5",Mississauga,ON,CANADA,L5E2P5,905-278-1212 ,true,true,,,,,,http://www.torontogolfclub.com/,"1305 Dixie Rd, Mississauga, ON L5E 2P5, Canada",Toronto Golf Club
95,"539 - Golf Town, Etobicoke",1561 The Queensway,"Etobicoke, ON M8Z1T8",Etobicoke,ON,CANADA,M8Z1T8,416-503-8330 ,true,true,,,,,,http://www.golftown.com/,"1561 The Queensway, Etobicoke, ON M8Z 1T8, Canada",Golf Town
96,St George's Golf & Country Club,1668 Islington Ave,"Etobicoke, ON M9A3M9",Etobicoke,ON,CANADA,M9A3M9,416-231-9350 ,true,true,,,,,,http://www.stgeorgesgolfandcountryclub.com/,"1668 Islington Ave, Etobicoke, ON M9A 3M9, Canada",St. George's Golf and Country Club
97,St George's Golf & Country Club,1668 Islington Ave,"Etobicoke, ON M9A3M9",Etobicoke,ON,CANADA,M9A3M9,416-231-3393,true,true,,,,,,http://www.stgeorgesgolfandcountryclub.com/,"1668 Islington Ave, Etobicoke, ON M9A 3M9, Canada",St. George's Golf and Country Club
98,Weston Golf Club,50 Saint Phillips Rd,"Etobicoke, ON M9P2N6",Etobicoke,ON,CANADA,M9P2N6,416-241-5254 ,true,true,,,,,,http://www.westongolfcc.com/,"50 St Phillips Rd, Etobicoke, ON M9P 2N6, Canada",Weston Golf & Country Club
99,"556 - Golf Town, Barrie",80 Concert Way Unit 3,"Barrie, ON L4N6N5",Barrie,ON,CANADA,L4N6N5,705-735-9921 ,true,true,,,,,,http://www.golftown.com/,"80 Concert Way, Barrie, ON L4N 6N5, Canada",Golf Town
100,"503 - Golf Town, Woodbridge",55 Colossus Dr. Unit 122,"Woodbridge, ON L4L9J8",Woodbridge,ON,CANADA,L4L9J8,905-264-8809 ,true,true,,,,,,http://www.golftown.com/,"55 Colossus Dr, Woodbridge, ON L4L 9J8, Canada",Golf Town
101,Thornhill Golf & Country Club,7994 Yonge St,"Thornhill, ON L4J1W3",Thornhill,ON,CANADA,L4J1W3,905-881-3000 ,true,true,,,,,,http://thethornhillclub.ca/,"7994 Yonge St, Thornhill, ON L4J 1W3, Canada",The Thornhill Club
102,"532 - Golf Town, St Catharines",275 Fourth Ave Unit 300,"St Catharines, ON L2S0C2",St Catharines,ON,CANADA,L2S0C2,905-641-1599 ,true,true,,,,,,http://www.golftown.com/,"275 Fourth Ave, St. Catharines, ON L2R 6P9, Canada",Golf Town
103,"549 - Golf Town, Laird",147 Laird Ave Unit #600,"East York, ON M4G4K1",East York,ON,CANADA,M4G4K1,416-467-5395 ,true,true,,,,,,http://www.golftown.com/,"147 Laird Dr, East York, ON M4G 4K1, Canada",Golf Town
104,"546 - Golf Town, Aurora",52 First Commerce Drive Unit #1,"Aurora, ON L4G0H5",Aurora,ON,CANADA,L4G0H5,905-841-0191 ,true,true,,,,,,http://www.golftown.com/,"52 First Commerce Dr, Aurora, ON L4G 0H5, Canada",Golf Town
105,"506 - Golf Town, Markham",179 Enterprise Boulevard Unit M112,"Unionville, ON L6G0E7",Unionville,ON,CANADA,L6G0E7,905-479-6978 ,true,true,,,,,,http://www.golftown.com/,"179 Enterprise Blvd, Markham, ON L6G 1B3, Canada",Golf Town
106,York Downs Golf & Country Club,4134 16th Ave,"Unionville, ON L3R0P1",Unionville,ON,CANADA,L3R0P1,905-477-2977 ,true,true,,,,,,http://www.yorkdowns.com/,"4134 16th Ave, Unionville, ON L3R 0P1, Canada",York Downs Golf and Country Club
107,The Scarboro Golf & Country Club,321 Scarborough Golf Club Rd,"Scarborough, ON M1J3H2",Scarborough,ON,CANADA,M1J3H2,416-266-4546 ,true,true,,,,,,http://www.scarborogolf.com/,"321 Scarborough Golf Club Rd, Scarborough, ON M1J 3H2, Canada",Scarboro Golf and Country Club
108,"516 - Golf Town, Whitby",1635 Victoria St East Unit A14,"Whitby, ON L1N9W4",Whitby,ON,CANADA,L1N9W4,905-579-7486 ,true,true,,,,,,http://www.golftown.com/,"1635 Victoria St E, Whitby, ON L1N 9W4, Canada",Golf Town
110,Lakeside Greens Golf & Country Club,555 Lakeside Greens Dr,"Chestermere, AB T1X 1C5",Chestermere,AB,CANADA,T1X 1C5,403-569-9111,true,true,,,,,,http://lakesidegreens.com/,"555 Lakeside Greens Dr, Chestermere, AB T1X 1C5, Canada",Lakeside Golf Club
111,"504 - Golf Town, Calgary",47 Shawville Blvd. Se,"Calgary, AB T2Y 3P3",Calgary,AB,CANADA,T2Y 3P3,403-201-9301 ,true,true,,,,,,http://www.golftown.com/,"47 Shawville Blvd SE, Calgary, AB T2Y 3P3, Canada",Golf Town
112,Ted and Dave Custom Golf,7100 15 Street Se,"Calgary, AB T2H 2Z8",Calgary,AB,CANADA,T2H 2Z8,403-640-0082 ,true,true,,,,,,http://www.tdcustomgolf.com/,"7100 15 St SE, Calgary, AB T2H 2Z8, Canada",Ted & Dave Custom Golf
113,Canyon Meadows Golf & Country Club,12501 14 St S.w.,"Calgary, AB T2W 2Y8",Calgary,AB,CANADA,T2W 2Y8,403-281-1188 ,true,true,,,,,,http://www.canyonmeadowsgolf.com/,"12501 14 St SW, Calgary, AB T2W 2Y8, Canada",Canyon Meadows Golf and Country Club
114,Calgary Golf & Country Club,913 50th Av Sw,"Calgary, AB T2H 1Y3",Calgary,AB,CANADA,T2H 1Y3,403-243-3084,true,true,,,,,,http://www.cgandcc.com/,"5788 Station A, Calgary, AB T2H 1Y3, Canada",Calgary Golf & Country Club
115,"537 - Golf Town, East Calgary",#200 - 2929 Sunridge Way Ne,"Calgary, AB T1Y 7K7",Calgary,AB,CANADA,T1Y 7K7,403-237-7212 ,true,true,,,,,,http://www.golftown.com/,"47 Shawville Blvd SE, Calgary, AB T2Y 3P3, Canada",Golf Town
116,Earl Grey Golf Club,6540 20 St S.w.,"Calgary, AB T3E 5L2",Calgary,AB,CANADA,T3E 5L2,403-249-5578,true,true,,,,,,http://www.earlgreygolfclub.com/,"6540 20 St SW, Calgary, AB T3E 5L2, Canada",Earl Grey Golf Club
117,Glencoe Golf and Country Club,31002 Elbow River Drive Sw,"Calgary, AB T3Z 2T8",Calgary,AB,CANADA,T3Z 2T8,403-571-0055 ,true,true,,,,,,http://glencoegolf.org/,"31002 Elbow River Dr, Calgary, AB T3Z 2T8, Canada",The Glencoe Golf & Country Club
118,Country Hills Golf Club,1334 Country Hills Blvd N.w.,"Calgary, AB T3K 5A9",Calgary,AB,CANADA,T3K 5A9,403-226-7777,true,true,,,,,,http://www.countryhills.ab.ca/,"1334 Country Hills Blvd NW, Calgary, AB T3K 5A9, Canada",Country Hills Golf Club
119,Priddis Greens Golf & Country Club,1 Priddis Greens Drive,"Priddis, AB T0L 1W0",Priddis,AB,CANADA,T0L 1W0,403-931-3316,true,true,,,,,,http://www.priddisgreens.com/,"1 Priddis Greens Drive, Priddis, AB T0L 1W0, Canada",Priddis Greens Golf and Country Club
120,Elbow Springs Golf Club,240086 Lott Creek Blvd,"Calgary, AB T3Z 2V4",Calgary,AB,CANADA,T3Z 2V4,403-246-2828,true,true,,,,,,http://www.elbowsprings.com/,"240086 Lott Creek Dr, Calgary, AB T3Z 2V4, Canada",Elbow Springs Golf Club
121,Pinebrook G&CC,166 Pinebrook Way S.w.,"Calgary, AB T3Z 3K3",Calgary,AB,CANADA,T3Z 3K3,403-246-3315,true,true,,,,,,http://www.pinebrookgolfclub.com/,"166 Pinebrook Way, Calgary, AB T3Z 3K3, Canada",Pinebrook Golf & Country Club
122,Silver Springs Golf & Country Club,1600 Varsity Estates Dr N.w.,"Calgary, AB T3B 2W9",Calgary,AB,CANADA,T3B 2W9,403-286-1088 ,true,true,,,,,,http://www.silverspringsgolfclub.com/,"1600 Varsity Estates Dr NW, Calgary, AB T3B 2W9, Canada",Silver Springs Golf & Country Club
123,"527 - Golf Town, Calgary Nw",11450 Sarcee Trail,"Calgary, AB T3R 0A1",Calgary,AB,CANADA,T3R 0A1,403-275-4100 F,true,true,,,,,,http://www.golftown.com/,"11450 Sarcee Trail NW, Calgary, AB T3R 0A1, Canada",Golf Town
124,Stewart Creek Golf & C.C.,4100 Stewart Creek Dr,"Canmore, AB T1W 2V3",Canmore,AB,CANADA,T1W 2V3,403-609-6099,true,true,,,,,,http://www.stewartcreekgolf.com/,"4100 Stewart Creek Dr, Canmore, AB T1W 2V3, Canada",Stewart Creek Golf & Country Club
125,Canmore Pro Shop Ltd,2000 8th Av,"Canmore, AB T1W 1Y2",Canmore,AB,CANADA,T1W 1Y2,403-678-4785,true,true,,,,,,http://www.cansign.com/,"102 Bow Meadows Cr #1, Canmore, AB T1W 2W9, Canada",CanSign Inc. (Canmore Sign Co)
126,"541 - Golf Town, Red Deer",5111-22nd Street Unit #6,"Red Deer, AB T4R 2K1",Red Deer,AB,CANADA,T4R 2K1,403-341-9898 ,true,true,,,,,,http://www.golftown.com/,"5111 22 St, Red Deer, AB T4R 2K1, Canada",Golf Town
127,Red Deer Discount Golf Center,#2b 2250 50th Ave,"Red Deer, AB T4R 1W5",Red Deer,AB,CANADA,T4R 1W5,403-341-4653 EXT 2,true,true,,,,,,http://www.reddeerdiscountgolf.ca/,"2250 - 50 Ave, #2B, Red Deer, AB T4R 1W5, Canada",Red Deer Discount Golf Centre Ltd
128,"538 - Golf Town, Kingston",690 Gardiner's Rd Unit B003,"Kingston, ON K7M3X9",Kingston,ON,CANADA,K7M3X9,613-389-3735 ,true,true,,,,,,http://www.golftown.com/,"690 Gardiners Rd, Kingston, ON K7M 3X9, Canada",Golf Town
129,"505 - Golf Town, Edmonton",1940 99th Street Nw,"Edmonton, AB T6N 1K9",Edmonton,AB,CANADA,T6N 1K9,780-988-6000 ,true,true,,,,,,http://www.golftown.com/,"13635 St Albert Trail NW, Edmonton, AB T5L 5E7, Canada",Golf Town
130,"560 - Golf Town, Sherwood Park",5000 Emerald Drive Unit 300,"Sherwood Park, AB T8H 0P5",Sherwood Park,AB,CANADA,T8H 0P5,780-417-2653,true,true,,,,,,http://www.golftown.com/,"5000 Emerald Dr, Sherwood Park, AB T8H 0P5, Canada",Golf Town
131,Blackhawk Golf Club,51111 Range Road 255,"Spruce Grove, AB T7Y 1A8",Spruce Grove,AB,CANADA,T7Y 1A8,780-470-4790,true,true,,,,,,http://www.playblackhawk.com/,"51111 Range Rd 255, Spruce Grove, AB T7Y 1A8, Canada",Blackhawk Golf Club
132,Deboer's Golf Shoppes & Training,5311 99 St N.w.,"Edmonton, AB T6E 5B7",Edmonton,AB,CANADA,T6E 5B7,780-430-8864,true,true,,,,,,http://www.deboersgolf.com/,"5311 99 St NW, Edmonton, AB T6E 5B7, Canada",de Boer's Golf Shop & Fitting Centre Inc
133,The Derrick Golf & Winter Club,3500 119 St N.w.,"Edmonton, ON T6J5P5",Edmonton,ON,CANADA,T6J5P5,780-408-2880,true,true,,,,,,http://www.derrickclub.com/,"3500 119 St NW, Edmonton, AB T6J 5P5, Canada",The Derrick Golf and Winter Club
134,Windermere Golf & Country Club,19110 Ellerslie Rd S.w.,"Edmonton, AB T6W 1A5",Edmonton,AB,CANADA,T6W 1A5,780-988-5014 ,true,true,,,,,,http://www.windermeregcc.com/,"19110 Ellerslie Rd SW, Edmonton, AB T6W 1A5, Canada",Windermere Golf & Country Club
135,Edmonton Country Club,6201 Country Club Rd W,"Edmonton, AB T6M 2J6",Edmonton,AB,CANADA,T6M 2J6,780-448-1333 ,true,true,,,,,,https://www.edmontoncountryclub.com/CONTACT.aspx,"6201 Country Club Rd NW, Edmonton, AB T6M 2J6, Canada",Edmonton Country Club
136,"553 - Golf Town, West Edmonton",18831 Stony Plain Rd. Nw,"Edmonton, AB T5S 2V9",Edmonton,AB,CANADA,T5S 2V9,780-444-1852 ,true,true,,,,,,http://www.golftown.com/,"18831 Stony Plain Rd, Edmonton, AB T5S 2V9, Canada",Golf Town
137,"523 - Golf Town, North Edmonton",13635 St. Albert Trail Nw,"Edmonton, AB T5L 5E7",Edmonton,AB,CANADA,T5L 5E7,780-482-4653 ,true,true,,,,,,http://www.golftown.com/,"13635 St Albert Trail NW, Edmonton, AB T5L 5E7, Canada",Golf Town
138,"517 - Golf Town, Ottawa West",570 Kanata Avenue Unit R1,"Kanata, ON K2T1K5",Kanata,ON,CANADA,K2T1K5,613-254-7064 ,true,true,,,,,,http://www.golftown.com/,"500 Terminal Ave, Ottawa, ON K1G 0Z3, Canada",Golf Town
139,Kevin Haime Golf Centre,560 Hazeldean Rd,"Stittsville, ON K2V1C4",Stittsville,ON,CANADA,K2V1C4,613-591-0006 ,true,true,,,,,,http://www.kevinhaime.com/,"560 Hazeldean Rd, Kanata, ON K2V 1C4, Canada",Kevin Haime Golf Centre
140,Royal Ottawa Golf Club,1405 Aylmer Rd,"Gatineau, QC J9H7L2",Gatineau,QC,CANADA,J9H7L2,819-777-0593 ,true,true,,,,,,http://royalottawagolfclub.com/,"1405 Chemin d'Aylmer, Gatineau, QC J9H 7L2, Canada",The Royal Ottawa Golf Club
141,"543 - Golf Town, Gatineau",91 Boulevard De La Grappe Unit #b4,"Gatineau, QC J8T0B5",Gatineau,QC,CANADA,J8T0B5,819-246-6601 ,true,true,,,,,,http://www.golftown.com/,"91 Boulevard de la Gappe, Gatineau, QC J8T 0B5, Canada",Golf Town
142,"530 - Golf Town, Ottawa East",500 Terminal Avenue Unit A20,"Ottawa, ON K1G0Z3",Ottawa,ON,CANADA,K1G0Z3,613-241-9859 ,true,true,,,,,,http://www.golftown.com/,"500 Terminal Ave, Ottawa, ON K1G 0Z3, Canada",Golf Town
143,"545 - Golf Town, Kelowna",2507 Enterprise Way,"Kelowna, BC V1X7K2",Kelowna,BC,CANADA,V1X7K2,250-861-8832 ,true,true,,,,,,http://www.golftown.com/,"2507 Enterprise Way, Kelowna, BC V1X 7K2, Canada",Golf Town
144,Rivershore Golf Links,330 Rivershore Dr,"Kamloops, BC V2H1S1",Kamloops,BC,CANADA,V2H1S1,250-573-4622,true,true,,,,,,http://www.rivershoregolflinks.com,"330 Rivershore Dr, Kamloops, BC V2H 1S1, Canada",Rivershore Estate & Golf Links
145,"534 - Golf Town, Boisbriand",3410 Des Grandes Tourelles,"Boisbriand, QC J7H0A2",Boisbriand,QC,CANADA,J7H0A2,450-420-5418 ,true,true,,,,,,http://www.golftown.com/,"3410 des, Avenue des Grandes Tourelles, Boisbriand, QC J7H 0A2, Canada",Golf Town
146,"508 - Golf Town, Pointe Claire",2315-a Transcanadienne,"Pointe-claire, QC H9R5Z5",Pointe-claire,QC,CANADA,H9R5Z5,514-693-0055 ,true,true,,,,,,http://www.golftown.com/,"2315 A Transcanadienne, Pointe-Claire, QC H9R 5Z5, Canada",Golf Town
147,"548 - Golf Town, Laval East",920 Boulevard Le Corbusier,"Laval, QC H7N0A8",Laval,QC,CANADA,H7N0A8,450-687-0648 ,true,true,,,,,,http://www.golftown.com/,"920 Boulevard le Corbusier, Laval, QC H7N 0A8, Canada",Golf Town
149,"509 - Golf Town, Marche",1001 Rue Du Marche Central Unit A-3,"Montreal, QC H4N1J8",Montreal,QC,CANADA,H4N1J8,514-382-4666 ,true,true,,,,,,http://www.golftown.com/,"1001 Rue du Marché Central, Montréal, QC H4N 1J8, Canada",Golf Town
150,"519 - Golf Town, St Leonard",6745 Metropolitain,"Saint-leonard, QC H1P1X8",Saint-leonard,QC,CANADA,H1P1X8,514-329-2069 ,true,true,,,,,,http://www.golftown.com/,"6745 Boul Métropolitain E, Saint-Léonard, QC H1P 1X8, Canada",Golf Town
151,"515 - Golf Town, St Hubert",1571 Des Promenades,"Saint-hubert, QC J3Y5K2",Saint-hubert,QC,CANADA,J3Y5K2,450-926-0110 ,true,true,,,,,,http://www.golftown.com/,"1571 Boulevard des Promenades, Saint-Hubert, QC J3Y 5K2, Canada",Golf Town
152,"510 - Golf Town, Langley",20150 Langley Bypass. Unit #110,"Langley, BC V3A9J8",Langley,BC,CANADA,V3A9J8,604-539-9320 ,true,true,,,,,,http://www.golftown.com/,"20150 Langley Bypass, Langley City, BC V3A 9J8, Canada",Golf Town
153,"550 - Golf Town, South Surrey",105-15820 26 Ave,"Surrey, BC V3Z2N6",Surrey,BC,CANADA,V3Z2N6,604-531-1290 ,true,true,,,,,,http://www.golftown.com/,"N 115, 15850 26 Ave, Surrey, BC V3S 2N6, Canada",Golf Town
154,Meadows Golf Centre,19049 Lougheed Hwy,"Pitt Meadows, BC V3Y2J6",Pitt Meadows,BC,CANADA,V3Y2J6,604-465-8818,true,true,,,,,,http://meadowsgolfcentre.com/,"19049 Lougheed Hwy, Pitt Meadows, BC V3Y 2J6, Canada",Meadows Golf Centre
155,"524 - Golf Town, Coquitlam",2929 Barnet Highway Unit 2142,"Coquitlam, BC V3B5R5",Coquitlam,BC,CANADA,V3B5R5,604-944-7976 ,true,true,,,,,,http://www.golftown.com/,"2929 Barnet Hwy, Coquitlam, BC V3B 5R5, Canada",Golf Town
156,Vancouver Golf Club,771 Austin Ave,"Coquitlam, BC V3K3N2",Coquitlam,BC,CANADA,V3K3N2,604-936-1131,true,true,,,,,,http://www.vancouvergolfclub.com/,"771 Austin Ave, Coquitlam, BC V3K 3N2, Canada",The Vancouver Golf Club
157,"507 - Golf Town, Richmond",Unit 130 9751 Bridgeport Road,"Richmond, BC V6X1S3",Richmond,BC,CANADA,V6X1S3,604-270-3120 ,true,true,,,,,,http://www.golftown.com/,"9751 Bridgeport Rd, Richmond, BC V6X 1S3, Canada",Golf Town
158,"529 - Golf Town, Victoria",2401a Millstream Road Unit 141,"Victoria, BC V9B3R5",Victoria,BC,CANADA,V9B3R5,250-391-4500 ,true,true,,,,,,http://www.golftown.com/,"2401A Millstream Rd, Victoria, BC V9B 3R5, Canada",Golf Town
159,"554 - Golf Town, North Vancouver",845 Marine Drive Unit 130,"North Vancouver, BC V7P1R7",North Vancouver,BC,CANADA,V7P1R7,604-904-2129 ,true,true,,,,,,http://www.golftown.com/,"845 Marine Dr, North Vancouver, BC V7P 1R7, Canada",Golf Town
160,Marine Drive Golf Club,7425 Yew St,"Vancouver, BC V6P6H1",Vancouver,BC,CANADA,V6P6H1,604-261-3212 ,true,true,,,,,,http://www.marine-drive.com/,"7425 Yew St, Vancouver, BC V6P 6H1, Canada",Marine Drive Golf Club
161,Club De Golf Les Cedres,669 Coupland St,"Granby, QC J2H0P7",Granby,QC,CANADA,J2H0P7,450-372-0167,true,true,,,,,,http://golflescedres.com/,"669 Rue Coupland, Granby, QC J2H 0P7, Canada",Club De Golf Les Cedres
162,Capilano Golf & Country Club Ltd,420 Southborough Dr,"West Vancouver, BC V7S1M2",West Vancouver,BC,CANADA,V7S1M2,604-925-4653 ,true,true,,,,,,http://capilanogolf.com/,"420 Southborough Drive, West Vancouver, BC V7S 1M2, Canada",Capilano Golf and Country Club
163,Shaughnessy Golf & Country Club,4300 Marine Dr S.w.,"Vancouver, BC V6N4A6",Vancouver,BC,CANADA,V6N4A6,604-266-6248 ,true,true,,,,,,http://www.shaughnessy.org/,"4300 SW Marine Dr, Vancouver, BC V6N 4A6, Canada",Shaughnessy Golf & Country Club
164,Cowichan Golf & Country Club,4955 Trans Canada Hwy,"Duncan, BC V9L3X1",Duncan,BC,CANADA,V9L3X1,250-746-5333 ,true,true,,,,,,http://www.cowichangolfclub.ca/,"4955 Trans-Canada Hwy, Duncan, BC V9L 3X1, Canada",Cowichan Golf Club
165,Nicklaus North Golf Club,8080 Nicklaus North Blvd,"Whistler, BC V0N1B8",Whistler,BC,CANADA,V0N1B8,604-938-9898,true,true,,,,,,https://www.nicklausnorth.com/,"8080 Nicklaus N Blvd, Whistler, BC V0N 1B0, Canada",Nicklaus North Golf Course
166,Club De Golf Drummondville,400 Chemin Du Golf,"Drummondville, QC J2C8S9",Drummondville,QC,CANADA,J2C8S9,819-472-7093,true,true,,,,,,http://www.golfdrummond.com/,"400 Chemin du Golf, Drummondville, QC J2C 8S9, Canada",Club de Golf Drummondville
167,"528 - Golf Town, Quebec City",1500 Boulevard Lebourgneuf,"Quebec, QC G2K2M4",Quebec,QC,CANADA,G2K2M4,418-623-3327 ,true,true,,,,,,http://www.golftown.com/,"1500 Boulevard Lebourgneuf, Québec, QC G2K 2M4, Canada",Golf Town
168,Club De Golf Du Bic,150 Route Du Golf,"Rimouski, QC G0L1B0",Rimouski,QC,CANADA,G0L1B0,418-736-5323,true,true,,,,,,http://www.clubdegolfbic.com/,"150 Route du Golf-du-Bic, Le Bic, QC G0L 1B0, Canada",Club de Golf de Bic Inc
169,"559 - Golf Town, Moncton",52 Wyse Street Unit 100,"Moncton, NB E1G0Z5",Moncton,NB,CANADA,E1G0Z5,506-855-5654 ,true,true,,,,,,http://www.golftown.com/,"52 Wyse St, Moncton, NB E1G 2K5, Canada",Golf Town
170,Golf Central,201 Chain Lake Drive #26,"Halifax, NS B3S1C8",Halifax,NS,CANADA,B3S1C8,902-450-4653 ,true,true,,,,,,http://www.golfcentral.ns.ca/,"201 Chain Lake Dr, Halifax, NS B3S 1C8, Canada",Golf Central
171,"533 - Golf Town, Dartmouth",80 Gale Terrace,"Dartmouth, NS B3B0B7",Dartmouth,NS,CANADA,B3B0B7,902-481-0479 ,true,true,,,,,,http://www.golftown.com/,"80 Gale Terrace, Dartmouth, NS B3B 0B7, Canada",Golf Town
172,Niakwa Country Club,620 Niakwa Rd,"Winnipeg, MB R2J2X3",Winnipeg,MB,CANADA,R2J2X3,204-256-2013 ,true,true,,,,,,https://www.niakwacountryclub.ca/,"620 Niakwa Rd, Winnipeg, MB R2J 2X3, Canada",Niakwa Country Club
173,Royal Regina Golf Shop,5401 11th Ave W.,"Regina, SK S4P3A1",Regina,SK,CANADA,S4P3A1,306-757-3558 ,true,true,,,,,,http://www.royalregina.com/,"5401 11th Avenue West, Regina, SK S4P 3A1, Canada",Royal Regina Golf Club
174,Elmwood Golf & Country Club,2015 Hillcrest Dr,"Swift Current, SK S9H3V8",Swift Current,SK,CANADA,S9H3V8,306-773-2722,true,true,,,,,,http://elmwoodgc.com/,"PO BOX 373, 2015 Hillcrest Dr, Swift Current, SK S9H 3V8, Canada",Elmwood Golf Club
175,Medicine Hat Golf & Country Club,947 Pigeon St N.e.,"Medicine Hat, AB T1C 1R2",Medicine Hat,AB,CANADA,T1C 1R2,403-527-8086,true,true,,,,,,http://www.medicinehatgolf.com/,"Pigeon St NE, Medicine Hat, AB T1C 1R2, Canada",Medicine Hat Golf and Country Club
176,London Hunt & Country Club,1431 Oxford St West,"London, ON N6H1W1",London,ON,CANADA,N6H1W1,519-471-2860 ,true,true,,,,,,http://www.londonhuntclub.com/,"1431 Oxford St W, London, ON N6H 1W1, Canada",London Hunt & Country Club
177,Brantford Golf & Country Club,60 Ava Rd,"Brantford, ON N3T5R7",Brantford,ON,CANADA,N3T5R7,519-752-3731 ,true,true,,,,,,http://brantfordgolfandcountryclub.com/,"60 Ava Rd, Brantford, ON N3T 5R7, Canada",Brantford Golf & Country Club
178,Cutten Fields Golf,190 College Ave E,"Guelph, ON N1H6L3",Guelph,ON,CANADA,N1H6L3,519-822-0402 ,true,true,,,,,,http://www.cuttenfields.com/,"190 College Ave E, Guelph, ON N1H 6L3, Canada",Cutten Fields
179,Hamilton Golf & Country Club,232 Golf Links Road,"Ancaster, ON L9G2N5",Ancaster,ON,CANADA,L9G2N5,905-648-2294 ,true,true,,,,,,http://www.hgcc.ca/,"232 Golf Links Rd, Ancaster, ON L9G 2N5, Canada",Hamilton Golf and Country Club
180,Dundas Valley Golf & Country Club,10 Woodleys Ln,"Dundas, ON L9H6Y6",Dundas,ON,CANADA,L9H6Y6,905-628-6738,true,true,,,,,,http://www.dundasvalleygolf.com/,"10 Woodleys Ln, Dundas, ON L9H 6Y6, Canada",Dundas Valley Golf & Curling Club Ltd
181,Mississaugua Golf & Country Club,1725 Mississauga Rd,"Mississauga, ON L5H2K4",Mississauga,ON,CANADA,L5H2K4,905-278-4857 ,true,true,,,,,,http://www.mississauguagolf.com/,"1725 Mississauga Rd, Mississauga, ON L5H 2K4, Canada",The Mississaugua Golf and Country Club
182,Mississaugua Golf & Country Club,1725 Mississauga Rd,"Mississauga, ON L5H 2K4",Mississauga,ON,CANADA,L5H 2K4,905-278-4857 ,true,true,,,,,,http://www.mississauguagolf.com/,"1725 Mississauga Rd, Mississauga, ON L5H 2K4, Canada",The Mississaugua Golf and Country Club
183,Modern Golf Ltd,2785 Skymark Ave Unit 17,"Mississauga, ON L4W4Y3",Mississauga,ON,CANADA,L4W4Y3,905-629-1003 ,true,true,,,,,,http://www.moderngolf.ca/,"2785 Skymark Ave #17, Mississauga, ON L4W 5A7, Canada",Modern Golf
184,The National Golf Club,134 Clubhouse Rd,"Woodbridge, ON L4L2W2",Woodbridge,ON,CANADA,L4L2W2,416-798-4901 ,true,true,,,,,,http://www.nationalgolf.ca/,"134 Clubhouse Rd, Woodbridge, ON L4L 2W2, Canada",The National Golf Club of Canada
185,Sirocco Golf Club Ltd,Site 13 Comp 21 R.r.9,"Calgary, AB T2J 5G5",Calgary,AB,CANADA,T2J 5G5,403-201-5505,true,true,,,,,,http://www.sirocco.ca/,"210178 64th Street West, Foothills No. 31, AB T1S 5G5, Canada",Sirocco Golf Club
186,Bearspaw Country Club,61 Hamilton Drive,"Calgary, AB T3R 1A2",Calgary,AB,CANADA,T3R 1A2,403-239-7444 ,true,true,,,,,,http://www.golfbearspaw.com/,"61 Hamilton Dr, Calgary, AB T3R 1A2, Canada",Bearspaw Country Club
187,Copper Point G.c.,651 Hwy 93/95,"Invermere, BC V0A1K3",Invermere,BC,CANADA,V0A1K3,250-341-3392,true,true,,,,,,http://copperpointgolf.com/,"#651, Hwy 93/95, RR#3, Invermere, BC V0A 1K3, Canada",Copper Point Golf Club
188,Ottawa Hunt Golf & Country Club,1 Huntclub Rd,"Ottawa, ON K1V1B9",Ottawa,ON,CANADA,K1V1B9,613-736-1134 ,true,true,,,,,,http://www.ottawahuntclub.org/,"1 Hunt Club Rd, Ottawa, ON K1V 1B9, Canada",Ottawa Hunt & Golf Club
189,Fort Mcmurray GC,"#1 Athabasca Ridge, Real Martin Dr","Fort Mcmurray, AB T9H 3G6",Fort Mcmurray,AB,CANADA,T9H 3G6,780-743-5577,true,true,,,,,,http://www.fortmcmurraygolfclub.com/,"1 Real Martin Dr, Fort McMurray, AB T9H 4R8, Canada",Fort McMurray Golf Club
190,Peak Golf,1619 Lonsdale Avenue,"North Vancouver, BC V7M2J5",North Vancouver,BC,CANADA,V7M2J5,604-980-8899,true,true,,,,,,http://peakgolf.ca/,"2077 W 4th Ave, Vancouver, BC V6J 1N3, Canada",Peak Golf
191,Nevada Bob's Golf Grande Prairie,11349-104 Ave,"Grande Prairie, AB T8V 0N7",Grande Prairie,AB,CANADA,T8V 0N7,780-513-2554 ,true,true,,,,,,http://www.nevadabobsgp.com/,"11349 104 Ave, Grande Prairie, AB T8V 0N7, Canada",Nevada Bob’s Golf - Grande Prairie
193,Club De Golf Levis,6100 Boul De La Rive-sud,"Levis, QC G6V8Z7",Levis,QC,CANADA,G6V8Z7,418-837-3618 EXP 232,true,true,,,,,,https://www.golflevis.com/,"6100 Boulevard Guillaume-Couture, Lévis, QC G6V 8Z7, Canada",Club De Golf Levis
194,Sarnia Golf and Country Club,500 Errol Rd W.,"Sarnia, ON N7V1X7",Sarnia,ON,CANADA,N7V1X7,519-336-2201,true,true,,,,,,http://www.sgcc.on.ca/,"500 Errol Rd W, Sarnia, ON N7V 1X7, Canada",Sarnia Golf & Curling Club Ltd
195,Golf Shop at Breezy Bend Golf Club,7620 Roblin Blvd,"Headingley, MB R4H1A7",Headingley,MB,CANADA,R4H1A7,204-895-7206,true,true,,,,,,http://www.breezybend.ca/,"7620 Roblin Blvd, Headingley, MB R4H 1A7, Canada",Breezy Bend Country Club
