id,name,mail_address_1,mail_address_2,city,state,country,zip,phone,longitude,latitude,place_id,website,formatted_address,google_places_name,email,duplicate_domain,created_at,updated_at,source_brand,source_url
2,Westwind Klitmøller,Ørhagevej 150 7700 Thisted Denmark,,Thisted,,Denmark,7700,,,,,"","Ørhagevej 150 
  7700 Thisted 
  Denmark",,klitmoller@westwind.dk,,,,,
3,Surf & Ski Odense,,,Odense,,Denmark,5000,,,,,"",,,info@surf-ski.dk,,,,,
4,Nautic Surf & Ski,Golfvej 10 7400 Herning Denmark,,Herning,,Denmark,7400,,,,,"","Golfvej 10 
  7400 Herning 
  Denmark",,herning@nautic-surfogski.dk,,,,,
5,Westwind Hvide Sande Nord,Gytjevej 15 6960 Hvide Sande Denmark,,Hvide Sande,,Denmark,6960,,,,,"","Gytjevej 15 
  6960 Hvide Sande 
  Denmark",,nord@westwind.dk,,,,,
6,Westwind Bork Havn,Bryggen 10-12 6893 Hemmet Denmark,,Hemmet,,Denmark,6893,,,,,"","Bryggen 10-12 
  6893 Hemmet 
  Denmark",,info@westwind.dk,,,,,
7,Surf & Ski Aalborg,Vesterå 17 9000 Aalborg Denmark,,Aalborg,,Denmark,9000,,,,,"","Vesterå 17 
  9000 Aalborg 
  Denmark",,info@surfogskiaalborg.dk,,,,,
8,Surf & Ski Horsens,Jens Hjernøesvej 23 8700 Horsens Denmark,,Horsens,,Denmark,8700,,,,,"","Jens Hjernøesvej 23 
  8700 Horsens 
  Denmark",,horsens@surfogski.dk,,,,,
9,Gumpel & Co,Rungsted Havn 28 2960 Rungsted Kyst Denmark,,Rungsted Kyst,,Denmark,2960,,,,,"","Rungsted Havn 28 
  2960 Rungsted Kyst 
  Denmark",,gumpel@gumpel.dk,,,,,
10,Surfline,Gåseagervej 12 8250 Egå Denmark,,Egå,,Denmark,8250,,,,,"","Gåseagervej 12 
  8250 Egå 
  Denmark",,websalg@surfline.dk,,,,,
11,Westwind Marielyst,Marielyst Stranpark 5 4873 Væggerløse Denmark,,Væggerløse,,Denmark,4873,,,,,"","Marielyst Stranpark 5 
  4873 Væggerløse 
  Denmark",,westwindmarielyst@gmail.com,,,,,
12,Nautic Surf & Ski København,Blegdamsvej 60 2100 København Ø Denmark,,København Ø,,Denmark,2100,,,,,"","Blegdamsvej 60 
  2100 København Ø 
  Denmark",,kbh@nautic-surfogski.dk,,,,,
13,KITESPORT I/S,Asserbogårdsvej 3B 3360 Liseleje Denmark,,Liseleje,,Denmark,3360,,,,,"","Asserbogårdsvej 3B 
  3360 Liseleje 
  Denmark",,"",,,,,
14,Kalamazoo Shop / Promoglisse.com,5 Place Rene Guy Cadou 44250 St Brevin L'Ocean France,,St Brevin L'Ocean,,France,44250,,,,,Promoglisse.com,"5 Place Rene Guy Cadou 
  44250 St Brevin L'Ocean 
  France",,info@promoglisse.com,,,,,
15,Waimea,Residence Des Sables D'Or - Chambre D'Amour 64600 Anglet France,,Anglet,,France,64600,,,,,www.waimea.fr,"Residence Des Sables D'Or - Chambre D'Amour 
  64600 Anglet 
  France",,waimeasurfshop64@gmail.com,,,,,
16,Surf One,2 Avenue de Septimanie 11370 Port Leucate France,,Port Leucate,,France,11370,,,,,http://www.surfone-leucate.com,"2 Avenue de Septimanie 
  11370 Port Leucate 
  France",,contact@surfoneleucate.com,,,,,
17,Flysurf - NOCIKA,250 Chemin des Bastides des Rollands 13450 Grans France,,Grans,,France,13450,,,,,www.flysurf.com,"250 Chemin des Bastides des Rollands 
  13450 Grans 
  France",,contact@flysurf.com,,,,,
18,Les pieds dans l'eau,Z.A. Marcel Dassault 64140 Lons France,,Lons,,France,64140,,,,,http://www.piedanlo.fr,"Z.A. Marcel Dassault 
  64140 Lons 
  France",,piedanlo@wanadoo.fr,,,,,
19,La Voile Libre,Route du Cavaou 13270 Fos sur mer France,,Fos sur mer,,France,13270,,,,,www.lavoilelibre.com,"Route du Cavaou 
  13270 Fos sur mer 
  France",,info@lavoilelibre.com,,,,,
20,Gliss Attitude,17 Montée du CDT Robien 13008 Marseille France,,Marseille,,France,13008,,,,,www.glissattitude.com,"17 Montée du CDT Robien 
  13008 Marseille 
  France",,info@glissattitude.com,,,,,
21,Freeride Attitude,763 Boulevard d'Alger 83600 Frejus France,,Frejus,,France,83600,,,,,www.freeride-attitude.com,"763 Boulevard d'Alger 
  83600 Frejus 
  France",,contact@freeride-attitude.com,,,,,
22,Dls Kiteboarding Company Sarl,13 Rue Des Chenes Verts 85470 Bretignolles Sur Mer France,,Bretignolles Sur Mer,,France,85470,,,,,"","13 Rue Des Chenes Verts 
  85470 Bretignolles Sur Mer 
  France",,contact@dls-kiteboard.com,,,,,
23,Sail And Board,12 Route De La Roche Sur Yon 85360 La Tranche Sur Mer France,,La Tranche Sur Mer,,France,85360,,,,,+33/(0)2 51 30 36 83,"12 Route De La Roche Sur Yon 
  85360 La Tranche Sur Mer 
  France",,pascal.bothorel@wanadoo.fr,,,,,
24,Surf Avenue La Rochelle,12 Rue De La Bonette 17000 La Rochelle France,,La Rochelle,,France,17000,,,,,www.surfavenuelarochelle.com,"12 Rue De La Bonette 
  17000 La Rochelle 
  France",,quai34lr@yahoo.fr,,,,,
25,Quai34 Bordeaux,101 rue Francois Sourdis 33000 Bordeaux France,,Bordeaux,,France,33000,,,,,www.glissup.fr,"101 rue Francois Sourdis 
  33000 Bordeaux 
  France",,quai34bx@hotmail.com,,,,,
26,Impact Surf Shop,67 Avenue du Général de Gaulle 69300 Caluire France,,Caluire,,France,69300,,,,,www.impact-surfshop.com,"67 Avenue du Général de Gaulle 
  69300 Caluire 
  France",,contact@impact-surfshop.com,,,,,
27,La Glisse,Zc Le Grand Epagny 74330 Epagny France,,Epagny,,France,74330,,,,,www.laglisse.com,"Zc Le Grand Epagny 
  74330 Epagny 
  France",,contact@laglisse.com,,,,,
28,Croconuts, 4 Rue de la Savonnerie 68460 Lutterbach France,,Lutterbach,,France,68460,,,,,www.crocoboardshop.com," 4 Rue de la Savonnerie 
  68460 Lutterbach 
  France",,info@croconuts.com,,,,,
29,Clinique De La Planche,4 place de la demi lune 14000 Caen France,,Caen,,France,14000,,,,,"","4 place de la demi lune 
  14000 Caen 
  France",,cliniquedelaplanche@wanadoo.fr,,,,,
30,Airwave,1 Rue Du Machicoulis 62200 Boulogne Sur Mer France,,Boulogne Sur Mer,,France,62200,,,,,www.airwave-shop.com,"1 Rue Du Machicoulis 
  62200 Boulogne Sur Mer 
  France",,contact@airwave-shop.com,,,,,
31,Kalamazoo,5 Place Rene Guy Cadou 44250 St Brévin l'Ocean France,,St Brévin l'Ocean,,France,44250,,,,,www.promoglisse.com,"5 Place Rene Guy Cadou 
  44250 St Brévin l'Ocean 
  France",,odansin@club-internet.fr,,,,,
32,Tam-Tam,82 Rue Claude Nicolas Ledoux 30900 Nimes France,,Nimes,,France,30900,,,,,www.tamtamshop.com,"82 Rue Claude Nicolas Ledoux 
  30900 Nimes 
  France",,tamtam.30@wanadoo.fr,,,,,
33,Clinique de la Planche,11 rue de la dives 14000 caen France,,caen,,France,14000,,,,,02 31 34 51 30,"11 rue de la dives 
  14000 caen 
  France",,ecole.kitesurf@cliniquedelaplanche.com,,,,,
34,Gliss Pro Shop,200 ALLEE JEAN FRANCOIS LESUEUR 34070 Montpellier France,,Montpellier,,France,34070,,,,,glisse-proshop.com,"200 ALLEE JEAN FRANCOIS LESUEUR 
  34070 Montpellier 
  France",,contact@glisse-proshop.com,,,,,
35,Source Boardshop,13 avenue de Chavoires 74940 Annecy le Vieux France,,Annecy le Vieux,,France,74940,,,,,sourceboardshop.com,"13 avenue de Chavoires 
  74940 Annecy le Vieux 
  France",,contact@sourceboardshop.com,,,,,
36,Multifun,34 Rue Montesquieu 49000 Angers France,,Angers,,France,49000,,,,,www.multi-fun.com,"34 Rue Montesquieu 
  49000 Angers 
  France",,multifun@wanadoo.fr,,,,,
37,Surf Avenue Dinard,Z A De La Marre 35780 La Richardais France,,La Richardais,,France,35780,,,,,www.surfavenue-rennes.com,"Z A De La Marre 
  35780 La Richardais 
  France",,surfavenuedinard@laposte.net,,,,,
38,Kite Spirit,ZI du Moustoir 56950 Crach France,,Crach,,France,56950,,,,,"","ZI du Moustoir 
  56950 Crach 
  France",,info@kite-spirit.com,,,,,
39,Au Spot,80 Rue Balard 75015 Paris France,,Paris,,France,75015,,,,,www.auspot.fr,"80 Rue Balard 
  75015 Paris 
  France",,auspot@gmail.com,,,,,
40,Tam Tam Bonifacio,Route Santa Manza 20169 Bonifacio France,,Bonifacio,,France,20169,,,,,www.tam-tam.fr,"Route Santa Manza 
  20169 Bonifacio 
  France",,infos@tam-tam.fr,,,,,
41,Nature Kite,1 avenue de la Bergerie 83400 Hyeres France,,Hyeres,,France,83400,,,,,http://www.nature-kite-shop.com,"1 avenue de la Bergerie 
  83400 Hyeres 
  France",,hubert.alexandre@terreetnature.com,,,,,
42,Vague et Vent,Avenue Frederic Fabregues 34250 Palavas les Flots France,,Palavas les Flots,,France,34250,,,,,http://www.vagueetvent.com,"Avenue Frederic Fabregues 
  34250 Palavas les Flots 
  France",,contact@vagueetvent.com,,,,,
43,Top Kite,Avenue du Passeur Challiès 34300  Le Cap d'Agde France,,Le Cap d'Agde,,France,34300 ,,,,,www.topkite.fr,"Avenue du Passeur Challiès 
  34300  Le Cap d'Agde 
  France",,contact@topkite.fr,,,,,
44,Quai 34 Narbonne,Route de Perpignan 11100 Narbonne France,,Narbonne,,France,11100,,,,,www.fun-diffusion.com,"Route de Perpignan 
  11100 Narbonne 
  France",,fundiffusion@orange.fr,,,,,
45,Neway Grenoble,32 Rue de Comboire 38130 Echirolles France,,Echirolles,,France,38130,,,,,www.neway38.com,"32 Rue de Comboire 
  38130 Echirolles 
  France",,neway38@orange.fr,,,,,
46,Surfit,5 Rue Du Verdun 74940 Annecy le Vieux France,,Annecy le Vieux,,France,74940,,,,,www.surfit.fr,"5 Rue Du Verdun 
  74940 Annecy le Vieux 
  France",,contact@surfit.fr,,,,,
47,Sail and Board,12 Route De La Roche Sur Yon 85360 La Tranche Sur Mer France,,La Tranche Sur Mer,,France,85360,,,,,"","12 Route De La Roche Sur Yon 
  85360 La Tranche Sur Mer 
  France",,pascal.bothorel@free.fr,,,,,
48,Sport Maximum,122 Bld Clemenceau 76600 Le Havre France,,Le Havre,,France,76600,,,,,www.sportmax.fr,"122 Bld Clemenceau 
  76600 Le Havre 
  France",,grego@sport-maximum.com,,,,,
49,Surf Avenue Rennes,Mont Gerval ZA du Triangle Vert 35520 La Meziere France,,La Meziere,,France,35520,,,,,www.surfavenue-rennes.com,"Mont Gerval ZA du Triangle Vert 
  35520 La Meziere 
  France",,surfavenue@laposte.net,,,,,
50,Le Marin,Quai Jean Verandy 13500 Carro France,,Carro,,France,13500,,,,,www.carro-surfshop.com,"Quai Jean Verandy 
  13500 Carro 
  France",,marinsurfshop@free.fr,,,,,
51,Welcome Hyeres,109 Allee Du Poussetroute De Giens 83400 Hyeres France,,Hyeres,,France,83400,,,,,www.welcomesurfhyeres.com,"109 Allee Du Poussetroute De Giens 
  83400 Hyeres 
  France",,welcomehyeres@hotmail.fr,,,,,
52,La Manille,1 Avenue des Pins 17650 St Denis d'Oléron France,,St Denis d'Oléron,,France,17650,,,,,"","1 Avenue des Pins 
  17650 St Denis d'Oléron 
  France",,lamanille0616@orange.fr,,,,,
53,Neway Royan,1 allée du Lougre  17200 Royan France,,Royan,,France,17200,,,,,"","1 allée du Lougre  
  17200 Royan 
  France",,newayroyan@wanadoo.fr,,,,,
54,Ridedealer,3 rue des Franciscains 68100 MULHOUSE France,,MULHOUSE,,France,68100,,,,,"","3 rue des Franciscains 
  68100 MULHOUSE 
  France",,info@ridealer.com,,,,,
55,Yemanja,Route du Stiletto 20090 Ajaccio France,,Ajaccio,,France,20090,,,,,http://yemanjasurfshop.fr,"Route du Stiletto 
  20090 Ajaccio 
  France",,yemanjasurfshop@gmail.com,,,,,
56,Gliss evo,Port de plaisance  44380  Pornichet France,, Pornichet,,France,44380,,,,,"","Port de plaisance  
  44380  Pornichet 
  France",,adrien@glissevolution.com,,,,,
57,Matahari,2 Avenue Jules Ferry 33680 Lacanau France,,Lacanau,,France,33680,,,,,"","2 Avenue Jules Ferry 
  33680 Lacanau 
  France",,mataharisurfshop@gmail.com,,,,,
58,Boarderline,107 Rte du Nant 01280 Prevessins Moëns France,,Prevessins Moëns,,France,01280,,,,,http://www.boarder-line.com,"107 Rte du Nant 
  01280 Prevessins Moëns 
  France",,contact@ctwdistribution.biz,,,,,
59,The Corner Shop,25 rue Madame de Stael 92110 CLICHY France,,CLICHY,,France,92110,,,,,www.thecornershop.fr,"25 rue Madame de Stael 
  92110 CLICHY 
  France",,cincekite@gmail.com,,,,,
60,La clinique de la planche,4 place de la Demie Lune 14000 Caen France,,Caen,,France,14000,,,,,www.cliniquedelaplanche.com,"4 place de la Demie Lune 
  14000 Caen 
  France",,cliniquedelaplanche@gmail.com,,,,,
61,Surfshop,"455, promenade des Anglais,Bât. Arenice 06200  Nice France",, Nice,,France,06200,,,,,http://www.surfshop.fr/,"455, promenade des Anglais,Bât. Arenice 
  06200  Nice 
  France",,xavier@surfshop.fr,,,,,
62,Waimea Surf Shop,3 Esplanade des Gascons 64600 Anglet France,,Anglet,,France,64600,,,,,www.waimea.fr,"3 Esplanade des Gascons 
  64600 Anglet 
  France",,waimeasurfshop64@gmail.com,,,,,
63,ZEPH CONTROL,42 boulevard Wattier 14810  Merville-Franceville France,,Merville-Franceville,,France,14810 ,,,,,http://www.zephcontrol.com/,"42 boulevard Wattier 
  14810  Merville-Franceville 
  France",,mathieu@zephcontrol.com,,,,,
64,NKS 56,10 Rue du Préleran 56340 Plouharnel France,,Plouharnel,,France,56340,,,,,https://www.nks56.com,"10 Rue du Préleran 
  56340 Plouharnel 
  France",,pierre-romain@orange.fr,,,,,
65,Welcome Surfshop,109 allée du pousset 83400 Hyères France,,Hyères,,France,83400,,,,,www.welcomesurfhyeres.com,"109 allée du pousset 
  83400 Hyères 
  France",,welcomehyeres@hotmail.fr,,,,,
66,Side Shore Brest,100 rue des Mouettes   29200 BREST  France,,BREST ,,France,29200,,,,,"","100 rue des Mouettes   
  29200 BREST  
  France",,joris@side-shore.com,,,,,
67,WindSwing,Port de Bourgeray 85440 Talmont saint hilaire France,,Talmont saint hilaire,,France,85440,,,,,02 51 22 22 97,"Port de Bourgeray 
  85440 Talmont saint hilaire 
  France",,windswing@free.fr,,,,,
68,Sport Maximum Shop,122 bd clemenceau 76600 le havre France,,le havre,,France,76600,,,,,02 35 42 38 57,"122 bd clemenceau 
  76600 le havre 
  France",,jfadam@sport-maximum.com,,,,,
69,Sport Maximum,122 bd Clemenceau 76600 Le havre France,,Le havre,,France,76600,,,,,02 35 42 38 57,"122 bd Clemenceau 
  76600 Le havre 
  France",,sportmax76@hotmail.com,,,,,
70,"Kite Asia, Hangin Kitecenter","Bulabog Road 1A 5608 Boracay, Malay Aklan Philippines",,"Boracay, Malay Aklan",,Philippines,5608,,,,,0063 36 288 556,"Bulabog Road 1A 
  5608 Boracay, Malay Aklan 
  Philippines",,info@kite-asia.com,,,,,
71,Mas Kite,"Urb Bahia Blanca, Locales 4-5 30380 La Manga Spain",,La Manga,,Spain,30380,,,,,http://maskite.com/,"Urb Bahia Blanca, Locales 4-5 
  30380 La Manga 
  Spain",,info@maskite.com,,,,,
72,Parres Center,"Av. Vicente Blasco Ibañez, 118 03130 Santa Pola Spain",,Santa Pola,,Spain,03130,,,,,http://parres-center.com,"Av. Vicente Blasco Ibañez, 118 
  03130 Santa Pola 
  Spain",,parrescenter@parres-center.com,,,,,
73,Red Shark,Avd. Pedro y Guy Vandaele 35660 Corralejo - Fuerteventura - Islas Canarias Spain,,Corralejo - Fuerteventura - Islas Canarias,,Spain,35660,,,,,http://redsharkfuerteventura.com,"Avd. Pedro y Guy Vandaele 
  35660 Corralejo - Fuerteventura - Islas Canarias 
  Spain",,info@redsharkfuerteventura.com,,,,,
74,Pop Kite,Avenida de Castelldefels 189 08860 Castelldefels (Barcelona) Spain,,Castelldefels (Barcelona),,Spain,08860,,,,,http://www.popkite.com/,"Avenida de Castelldefels 189 
  08860 Castelldefels (Barcelona) 
  Spain",,info@popkite.com,,,,,
75,Wet-Store.com,Polígono Industrial La Vega 208 11380 Tarifa Spain,,Tarifa,,Spain,11380,,,,,www.wet-store.com,"Polígono Industrial La Vega 208 
  11380 Tarifa 
  Spain",,info@wet-store.com,,,,,
76,Awa Watersports Almeria,Playa de villa africa s/n y playa de las Salinas 04720 Aguadulce Spain,,Aguadulce,,Spain,04720,,,,,http://awa-watersports.com/,"Playa de villa africa s/n y playa de las Salinas 
  04720 Aguadulce 
  Spain",,info@awa-kiteboarding.com,,,,,
77,Wet Valencia,"c/ Casa De La Misericordia, 12 Bajo IZQDA 46014 Valencia Spain",,Valencia,,Spain,46014,,,,,www.wet-tarifa.com,"c/ Casa De La Misericordia, 12 Bajo IZQDA 
  46014 Valencia 
  Spain",,valencia@wet-tarifa.com,,,,,
78,Front Fred,"Carrer de la Diputació, 212 08011 BARCELONA Spain",,BARCELONA,,Spain,08011,,,,,www.frontfred.com,"Carrer de la Diputació, 212 
  08011 BARCELONA 
  Spain",,frontfred@terra.com,,,,,
79,Pipeline Surf Shop - MarllorcaSurfing S.L.,"C/ Cicerón, 7 Bajo 07610 Palma de Mallorca Spain",,Palma de Mallorca,,Spain,07610,,,,,http://www.mallorcapipeline.com,"C/ Cicerón, 7 Bajo 
  07610 Palma de Mallorca 
  Spain",,info@mallorcapipeline.com,,,,,
80,Wet El Cabezo,"C/ La Graciosa, 2 local 7 38612 EL MEDANO Spain",,EL MEDANO,,Spain,38612,,,,,https://wet-store.com/,"C/ La Graciosa, 2 local 7 
  38612 EL MEDANO 
  Spain",,cabezo@wet-watersports.com,,,,,
81,Dak Tak,"C/ HILARION ESLAVA, 44 28015 MADRID Spain",,MADRID,,Spain,28015,,,,,http://www.daktak.es/,"C/ HILARION ESLAVA, 44 
  28015 MADRID 
  Spain",,rafa@daktak.es,,,,,
82,Wet Tarifa,Pol. Ind. La Vega 208 - Junto Mercadona 11380 Tarifa Spain,,Tarifa,,Spain,11380,,,,,https://wet-store.com/,"Pol. Ind. La Vega 208 - Junto Mercadona 
  11380 Tarifa 
  Spain",,clientes@wet-store.com,,,,,
83,Surf Karma,C/ Duquesa De Arcos - Edif. Marina Local 41A 29692 Sabinillas-Manilva (Málaga) Spain,,Sabinillas-Manilva (Málaga),,Spain,29692,,,,,http://karmasurfshop.com/,"C/ Duquesa De Arcos - Edif. Marina Local 41A 
  29692 Sabinillas-Manilva (Málaga) 
  Spain",,auswind21@hotmail.com,,,,,
84,HoeNalu,"Polígono Industrial La Ermita, Calle Madera, 9 29603 Marbella Spain",,Marbella,,Spain,29603,,,,,https://hoenalu.com/,"Polígono Industrial La Ermita, Calle Madera, 9 
  29603 Marbella 
  Spain",,florian@hoenalu.com,,,,,
85,Kitesurfing Chiclana,"AVDA. DEL ATLANTICO-C.C.PINO, LC 4D 11130 CHICLANA, CADIZ Spain",,"CHICLANA, CADIZ",,Spain,11130,,,,,"","AVDA. DEL ATLANTICO-C.C.PINO, LC 4D 
  11130 CHICLANA, CADIZ 
  Spain",,kitesurfchiclana@hotmail.com,,,,,
86,Pozowinds,C/ LAS BAJAS Nº 73 35119 POZO Spain,,POZO,,Spain,35119,,,,,http://www.pozowinds.com/,"C/ LAS BAJAS Nº 73 
  35119 POZO 
  Spain",,jonas@pozowinds.com,,,,,
87,HoeNalu,"C/ Madera 9A, Polígono Industrial La Ermita 29603 Marbella Spain",,Marbella,,Spain,29603,,,,,https://hoenalu.com,"C/ Madera 9A, Polígono Industrial La Ermita 
  29603 Marbella 
  Spain",,shop@hoenalu.com,,,,,
88,Wet Valencia,"Carrer de la Casa de la Misericòrdia, 12 46014 Valencia Spain",,Valencia,,Spain,46014,,,,,https://wet-store.com/,"Carrer de la Casa de la Misericòrdia, 12 
  46014 Valencia 
  Spain",,valencia@wet-tarifa.com,,,,,
89,Kailua,"Estrada Vella de Madrid, 141 36214 Vigo Spain",,Vigo,,Spain,36214,,,,,http://kailua.es/tienda/,"Estrada Vella de Madrid, 141 
  36214 Vigo 
  Spain",,kailua@kailua.es,,,,,
90,La Central del Kite,Playa del Trabucador - Crta de las Salinas 43540 Sant Carles de la Rapita Spain,,Sant Carles de la Rapita,,Spain,43540,,,,,www.lacentraldelkite.com,"Playa del Trabucador - Crta de las Salinas 
  43540 Sant Carles de la Rapita 
  Spain",,lacentraldelkite@gmail.com,,,,,
91,Kite Experience,Carretera de la Platja S/N 17470 Sant Pere Pescador Spain,,Sant Pere Pescador,,Spain,17470,,,,,http://kiteexperience.com/,"Carretera de la Platja S/N 
  17470 Sant Pere Pescador 
  Spain",,info@kiteexperience.com,,,,,
92,Awa Watersports Granada,Playa Granada 18613 Granada Spain,,Granada,,Spain,18613,,,,,awa-watersports.com,"Playa Granada 
  18613 Granada 
  Spain",,info@awa-watersports.com,,,,,
93,Eolis Kite,"c/ Tulipa, 28 17258 L'Estartit Spain",,L'Estartit,,Spain,17258,,,,,"","c/ Tulipa, 28 
  17258 L'Estartit 
  Spain",,eoliskite@hotmail.com,,,,,
94,NORTHWIND WATERSPORTS COMPANY,"C/ Cabo Mayor, 13, 1-2 39140 Somo Spain",,Somo,,Spain,39140,,,,,"","C/ Cabo Mayor, 13, 1-2 
  39140 Somo 
  Spain",,info@northwindcompany.com,,,,,
95,Spinosa,AVENIDA RADIO BALIZA OSCAR Nº 2 30710 LOS NAREJOS (MURCIA) Spain,,LOS NAREJOS (MURCIA),,Spain,30710,,,,,"","AVENIDA RADIO BALIZA OSCAR Nº 2 
  30710 LOS NAREJOS (MURCIA) 
  Spain",,info@spinosaboards.com,,,,,
96,Wet Cafè Tarifa,"N-340, km 82 - junto a Banti Hotel 11380 Tarifa Spain",,Tarifa,,Spain,11380,,,,,https://wet-store.com/,"N-340, km 82 - junto a Banti Hotel 
  11380 Tarifa 
  Spain",,clientes@wet-store.com,,,,,
97,Surf Center Tarifa,"Ctra N-340 km 79,3 - Interior Hotel Arte Vida 11380 Tarifa Spain",,Tarifa,,Spain,11380,,,,,http://www.surfcentertarifa.com/,"Ctra N-340 km 79,3 - Interior Hotel Arte Vida 
  11380 Tarifa 
  Spain",,surfcentertarifa@gmail.com,,,,,
98,Urban Surf,2100 N. NORTHLAKE WAY 98103 SEATTLE United States,,SEATTLE,,United States,98103,,,,,(206) 545-9463,"2100 N. NORTHLAKE WAY 
  98103 SEATTLE 
  United States",,usurf@urbansurf.com,,,,,
99,Jupiter Kiteboarding,1500 N. US HWY 1 33469 JUPITER United States,,JUPITER,,United States,33469,,,,,http://www.jupiterkiteboarding.com/,"1500 N. US HWY 1 
  33469 JUPITER 
  United States",,jeremyscottgreen@hotmail.com,,,,,
100,Second Wind Sail & Surf,111 Hana HWY 96732 Kahului  United States,,Kahului ,,United States,96732,,,,,"","111 Hana HWY 
  96732 Kahului  
  United States",,info@secondwindmaui.com,,,,,
101,Inland Sea Windsurf Co.,313. Main St. (Route 28)  02670 WEST DENNIS United States,,WEST DENNIS,,United States,02670,,,,,http://www.inlandsea.com/,"313. Main St. (Route 28)  
  02670 WEST DENNIS 
  United States",,phil@inlandsea.com,,,,,
102,Big Winds,"207 Front St 97031 Hood River, OR United States",,"Hood River, OR",,United States,97031,,,,,https://www.bigwinds.com/fanatic,"207 Front St 
  97031 Hood River, OR 
  United States",,bigwinds@bigwinds.com,,,,,
103,Calikites,1336 Van Ness #2 94109 San Francisco United States,,San Francisco,,United States,94109,,,,,"","1336 Van Ness #2 
  94109 San Francisco 
  United States",,brian@calikites.com,,,,,
104,Island Surf and Sail,3304 LONG BEACH BLVD 08008 BRANT BEACH United States,,BRANT BEACH,,United States,08008,,,,,http://www.islandsurf-sail.com/,"3304 LONG BEACH BLVD 
  08008 BRANT BEACH 
  United States",,store@islandsurf-sail.com,,,,,
105,KAILUA SAILBOARDS,130 KAILUA RD 96734 KAILUA United States,,KAILUA,,United States,96734,,,,,808-262-2555,"130 KAILUA RD 
  96734 KAILUA 
  United States",,devin@kailuasailboards.com,,,,,
106,321 KITEBOARDING,"235 WEST COCOA BEACH CSWY 32931 COCOA BEACH, FL United States",,"COCOA BEACH, FL",,United States,32931,,,,,www.321kiteboarding.com,"235 WEST COCOA BEACH CSWY 
  32931 COCOA BEACH, FL 
  United States",,info@321kiteboarding.com,,,,,
107,"South Padre Island Kiteboarding, Inc.",5208 B Padre Blvd. 78597 Texas United States,,Texas,,United States,78597,,,,,"","5208 B Padre Blvd. 
  78597 Texas 
  United States",,info@spikiteboarding.com,,,,,
108,NY Kite Center,"334 South Bayview Ave 11701 Amityville, NY United States",,"Amityville, NY",,United States,11701,,,,,https://www.nykitecenter.com/,"334 South Bayview Ave 
  11701 Amityville, NY 
  United States",,info@nykitecenter.com,,,,,
109,TKS Miami,1784 West Ave. Bay 6/7 33139 Miami Beach United States,,Miami Beach,,United States,33139,,,,,http://tksmiami.com/,"1784 West Ave. Bay 6/7 
  33139 Miami Beach 
  United States",,sales@tksmiami.com,,,,,
110,Adventure Sports Fort Lauderdale,741  SE 17th Street FL 33316 Ft Lauderdale United States,,Ft Lauderdale,,United States,FL 33316,,,,,"","741  SE 17th Street 
  FL 33316 Ft Lauderdale 
  United States",,info@adventuresportsftlauderdale.com,,,,,
111,No Limit Kiteboarding,16822 PCH Suite D 92649 Huntington Beach United States,,Huntington Beach,,United States,92649,,,,,www.nolimitkiteboarding.com,"16822 PCH Suite D 
  92649 Huntington Beach 
  United States",,rob@nolimitkiteboarding.com,,,,,
112,Houston Kiteboarding,"524 9th Ave N 7759 Texas City, TX United States",,"Texas City, TX",,United States,7759,,,,,http://www.houstonkiteboarding.com/,"524 9th Ave N 
  7759 Texas City, TX 
  United States",,sales@houstonkiteboarding.com,,,,,
113,SOLSTICE SPORTS INC.," 80301 Bolder, CO United States",,"Bolder, CO",,United States,80301,,,,,http://www.solsticesports.com," 
  80301 Bolder, CO 
  United States",,nick@solsticesports.com,,,,,
114,Curtis Sport Connection,"4276 Saint Frances Drive 14075 Hamburg, NY  United States",,"Hamburg, NY ",,United States,14075,,,,,"","4276 Saint Frances Drive 
  14075 Hamburg, NY  
  United States",,curtissportconnection@gmail.com,,,,,
115,Gorge Performance,7400 SW Macadam Avenue 97219  Portland United States,, Portland,,United States,97219,,,,,https://www.gorgeperformance.com/,"7400 SW Macadam Avenue 
  97219  Portland 
  United States",,bob@gorgeperformance.com,,,,,
116,Hampton Watersports,"1688 County Road 39 11968 South Hampton, NY  United States",,"South Hampton, NY ",,United States,11968,,,,,www.hamptonwatersports.com,"1688 County Road 39 
  11968 South Hampton, NY  
  United States",,windy@peconic.net,,,,,
117,Urban Surf,2100 N Northlake Way 98103 Seattle United States,,Seattle,,United States,98103,,,,,www.urbansurf.com,"2100 N Northlake Way 
  98103 Seattle 
  United States",,info@urbansurf.com,,,,,
118,Ocean Air Sports,"39450 Hwy 12 South 27915 Avon, NC  United States",,"Avon, NC ",,United States,27915,,,,,www.oceanairsports.com,"39450 Hwy 12 South 
  27915 Avon, NC  
  United States",,briank@oceanairsports.com,,,,,
119,Prokitesurf/Kiteboarding.com,104 Cox Drive 78374 Portland United States,,Portland,,United States,78374,,,,,www.kiteboarding.com,"104 Cox Drive 
  78374 Portland 
  United States",,info@kiteboarding.com,,,,,
120,Big Winds,207 Front St 97031 Hood River United States,,Hood River,,United States,97031,,,,,www.bigwinds.com,"207 Front St 
  97031 Hood River 
  United States",,bigwinds@bigwinds.com,,,,,
121,East of Maui Dewey Beach,104 ST LOUIS STREET 19971 REHOBOTH BEACH United States,,REHOBOTH BEACH,,United States,19971,,,,,http://www.eastofmaui.com/,"104 ST LOUIS STREET 
  19971 REHOBOTH BEACH 
  United States",,INFO@EASTOFMAIL.COM,,,,,
122,East of Maui Lewes,34 Cape Henlopen Drive 19958 LEWES United States,,LEWES,,United States,19958,,,,,http://www.eastofmaui.com/,"34 Cape Henlopen Drive 
  19958 LEWES 
  United States",,INFO@EASTOFMAUI.COM,,,,,
123,Boardsports California,"600 Westline Drive 94501 Alameda, CA United States",,"Alameda, CA",,United States,94501,,,,,"","600 Westline Drive 
  94501 Alameda, CA 
  United States",,info@boardsportscalifornia.com,,,,,
124,FORCE Kite and Wake,1405 Ben Sawyer blvd #106 29464 Mount Pleasant United States,,Mount Pleasant,,United States,29464,,,,,forcekiteandwake.com,"1405 Ben Sawyer blvd #106 
  29464 Mount Pleasant 
  United States",,info@forcekiteandwake.com,,,,,
125,Green Hat Kiteboarding ,707 Old Shore Rd 08731 Forked River United States,,Forked River,,United States,08731,,,,,https://greenhatkiteboarding.com/,"707 Old Shore Rd 
  08731 Forked River 
  United States",,gh@greenhatkiteboarding.com,,,,,
126,Best Pro Kiteboarding,1031 4th Street N. 33701  St.Petersburg United States,, St.Petersburg,,United States,33701,,,,,https://bestprokiteboarding.com/,"1031 4th Street N. 
  33701  St.Petersburg 
  United States",,info@bestprokiteboarding.com,,,,,
127,MACkiteboarding.com,16881 Hayes St 49417 Grand Haven/MI United States,,Grand Haven/MI,,United States,49417,,,,,http://www.mackiteboarding.com/,"16881 Hayes St 
  49417 Grand Haven/MI 
  United States",,kiteboarder@mackite.com,,,,,
128,Thumbs Up Kiteboarding,6626 Beachway MI 48725 Caseville United States,,Caseville,,United States,MI 48725,,,,,www.thumbsupkiteboarding.com,"6626 Beachway 
  MI 48725 Caseville 
  United States",,larryruhstorfer@gmail.com,,,,,
129,Motor City Kiteboarding,542 Tawas Beach Road MI 48730 East Tawas United States,,East Tawas,,United States,MI 48730,,,,,http://motorcitykiteboarding.com/,"542 Tawas Beach Road 
  MI 48730 East Tawas 
  United States",,sales@motorcitykiteboarding.com,,,,,
130,405 Kite,"Lake Hefner  Oklahoma City, OK United States",,"Oklahoma City, OK",,United States,"",,,,,http://www.405kite.com/,"Lake Hefner 
   Oklahoma City, OK 
  United States",,northrider66@hotmail.com,,,,,
131,Amped Boardsports,"Suite 206, 124 LOMAS SANTA FE DRIVE 92075 SOLANA BEACH United States",,SOLANA BEACH,,United States,92075,,,,,"","Suite 206, 124 LOMAS SANTA FE DRIVE 
  92075 SOLANA BEACH 
  United States",,jcuchna@cox.net,,,,,
132,Gorge Performance,7400 SW McADAM 97219 PORTLAND United States,,PORTLAND,,United States,97219,,,,,(503) 246-4423,"7400 SW McADAM 
  97219 PORTLAND 
  United States",,bob@gorgeperformance.com,,,,,
133,Mountain Top Kites,180Pay Day Dr 84060 Park City United States,,Park City,,United States,84060,,,,,"","180Pay Day Dr 
  84060 Park City 
  United States",,jon@mtkites.com,,,,,
134,Sea Star Kauai,3720 PAPALINA 96741 Kalaheo United States,,Kalaheo,,United States,96741,,,,,"","3720 PAPALINA 
  96741 Kalaheo 
  United States",,seastar@hawaiian.net,,,,,
135,Sheldon Sails,154 N Front St 94571 RIO VISTA United States,,RIO VISTA,,United States,94571,,,,,"","154 N Front St 
  94571 RIO VISTA 
  United States",,sheldon_sails@yahoo.com,,,,,
136,Sky Kitesurfing,7 MERTON ROAD 02840 Newport United States,,Newport,,United States,02840,,,,,(401) 849-0084,"7 MERTON ROAD 
  02840 Newport 
  United States",,christian@resails.com,,,,,
137,"Boardsports School LLC, C/o Jane Cormier","1200 Clay St #8 94108 San Francisco, CA  United States",,"San Francisco, CA ",,United States,94108,,,,,"","1200 Clay St #8 
  94108 San Francisco, CA  
  United States",,info@boardsportsschool.com,,,,,
138,Liquid Surf and Sail ,681 E. Oakland Park Blvd 33334 Ft. Lauderdale United States,,Ft. Lauderdale,,United States,33334,,,,,http://www.liquidsurfandsail.com,"681 E. Oakland Park Blvd 
  33334 Ft. Lauderdale 
  United States",,info@liquidsurfandsail.com,,,,,
139,Liquid Surf and Sail ,681 E Oakland Park BLVD 33334 Fort Lauderdale  United States,,Fort Lauderdale ,,United States,33334,,,,,http://www.liquidsurfandsail.com/,"681 E Oakland Park BLVD 
  33334 Fort Lauderdale  
  United States",,info@liquidsurfandsail.com,,,,,
140,Kitemania,Gotthardtstrasse 4 80686 München Germany,,München,,Germany,80686,,,,,http://kitemania.de/,"Gotthardtstrasse 4 
  80686 München 
  Germany",,info@kitemania.de,,,,,
141,WSM Funsport,Amergaustr. 10 26122 Oldenburg Germany,,Oldenburg,,Germany,26122,,,,,www.wsmfunsport.de,"Amergaustr. 10 
  26122 Oldenburg 
  Germany",,info@wsmfunsport.de,,,,,
142,PROBOARDER,Bahnhofstr. 65 83098 Brannenburg Germany,,Brannenburg,,Germany,83098,,,,,www.proboarder.eu,"Bahnhofstr. 65 
  83098 Brannenburg 
  Germany",,info@proboarder.eu,,,,,
143,BigBOYSports,Hauptstrasse 2 53721 Siegburg Germany,,Siegburg,,Germany,53721,,,,,www.bigboysports.de,"Hauptstrasse 2 
  53721 Siegburg 
  Germany",,ralph@bigboysports.de,,,,,
144,Surfshop Laupheim,Zeppelinstr.39 88471 Laupheim Germany,,Laupheim,,Germany,88471,,,,,www.surfshop-laupheim.de,"Zeppelinstr.39 
  88471 Laupheim 
  Germany",,info@surfshop-laupheim.de,,,,,
145,Windsurfing Rhein Main GmbH,Heerstr. 76 60488 Frankfurt am Main Germany,,Frankfurt am Main,,Germany,60488,,,,,https://windsurf.de/,"Heerstr. 76 
  60488 Frankfurt am Main 
  Germany",,info@windsurf.de,,,,,
146,Surf Sport Centrum Rheinhausen,Friedrich Ebert Str. 70 - 74 47226 Duisburg Germany,,Duisburg,,Germany,47226,,,,,www.surf-sport.de,"Friedrich Ebert Str. 70 - 74 
  47226 Duisburg 
  Germany",,info@surf-sport.de,,,,,
147,Cuxkite.de Shop,Raiffeisenstr. 13 21762 Otterndorf Germany,,Otterndorf,,Germany,21762,,,,,https://www.cuxkite.de/,"Raiffeisenstr. 13 
  21762 Otterndorf 
  Germany",,cuxkite@web.de,,,,,
148,Windsurfing Charchulla,Ostertorsteinweg 48 28203 Bremen Germany,,Bremen,,Germany,28203,,,,,www.surfshop-charchulla.de,"Ostertorsteinweg 48 
  28203 Bremen 
  Germany",,info@surfshop-charchulla.de,,,,,
149,Surf Keppler Pforzheim,Kelterstr.101 75172 Pforzheim Germany,,Pforzheim,,Germany,75172,,,,,www.surfkeppler.de/,"Kelterstr.101 
  75172 Pforzheim 
  Germany",,info@surfkeppler.de,,,,,
150,Surf Pirates,Schleswigerstr. 1 24941 Flensburg Germany,,Flensburg,,Germany,24941,,,,,"","Schleswigerstr. 1 
  24941 Flensburg 
  Germany",,info@surfpirates.de,,,,,
151,Surf Center Lübeck GmbH,St. Jürgen Ring 64 23564 Lübeck Germany,,Lübeck,,Germany,23564,,,,,www.surf-center.de,"St. Jürgen Ring 64 
  23564 Lübeck 
  Germany",,info@surf-center.de,,,,,
152,Boardway,Knopfstraße 27 17489 Greifswald Germany,,Greifswald,,Germany,17489,,,,,http://www.boardway.org,"Knopfstraße 27 
  17489 Greifswald 
  Germany",,peter@boardway.org,,,,,
153,Wild East,Lauensteiner Str. 37 01277 Dresden Germany,,Dresden,,Germany,01277,,,,,www.wildeast.de,"Lauensteiner Str. 37 
  01277 Dresden 
  Germany",,info@wildeast.de,,,,,
154,Boardrider,Fleischauerstr. 46 23552 Lübeck Germany,,Lübeck,,Germany,23552,,,,,https://boardrider-shop.de/,"Fleischauerstr. 46 
  23552 Lübeck 
  Germany",,info@boardrider-shop.de,,,,,
155,Windgeister,Am Hafen 4 23769 Orth/Fehmarn Germany,,Orth/Fehmarn,,Germany,23769,,,,,http://windgeister.de/,"Am Hafen 4 
  23769 Orth/Fehmarn 
  Germany",,windgeister@t-online.de,,,,,
156,Element Sports,Kolbermoorer Str.16 83022 ROSENHEIM Germany,,ROSENHEIM,,Germany,83022,,,,,http://element-sports.de/,"Kolbermoorer Str.16 
  83022 ROSENHEIM 
  Germany",,willi@element-sports.de,,,,,
157,Surf Shop Kiel UG,Klaudorfer Weg 167 24148 Kiel Germany,,Kiel,,Germany,24148,,,,,www.surfshop-kiel.de,"Klaudorfer Weg 167 
  24148 Kiel 
  Germany",,info@surfshop-kiel.de,,,,,
158,Windsport Fehmarn Surfshop,Gertrudenthaler Str.1 23769 Fehmarn Germany,,Fehmarn,,Germany,23769,,,,,http://windsport.de/,"Gertrudenthaler Str.1 
  23769 Fehmarn 
  Germany",,team@windsport.de,,,,,
159,Surfer-World,Buchbrunnenweg 18 79713 Bad Säckingen Germany,,Bad Säckingen,,Germany,79713,,,,,https://surfer-world.com/,"Buchbrunnenweg 18 
  79713 Bad Säckingen 
  Germany",,info@surfer-world.com,,,,,
160,Surf Tools,Olympiastr.1 82319 Starnberg / Wangen Germany,,Starnberg / Wangen,,Germany,82319,,,,,www.surftools.de,"Olympiastr.1 
  82319 Starnberg / Wangen 
  Germany",,info@surftools.de,,,,,
161,Windloop Neuharlingersiel,Edo-Edzardsstr. 1 26427 Neuharlingersiel Germany,,Neuharlingersiel,,Germany,26427,,,,,www.windloop.de,"Edo-Edzardsstr. 1 
  26427 Neuharlingersiel 
  Germany",,info@windloop.de,,,,,
162,Coronation Industries,Boxhagenerstr. 106 10245 Berlin Germany,,Berlin,,Germany,10245,,,,,www.coronation-industries.de,"Boxhagenerstr. 106 
  10245 Berlin 
  Germany",,info@coronation-industries.de,,,,,
163,Kitetiki,Pinneberger Straße 11 22457 Hamburg Germany,,Hamburg,,Germany,22457,,,,,www.kitetiki.com,"Pinneberger Straße 11 
  22457 Hamburg 
  Germany",,team@kitetiki.com,,,,,
164,Handmade Online,Stadtbahnstr. 31 22393 Hamburg Germany,,Hamburg,,Germany,22393,,,,,www.handmade.de,"Stadtbahnstr. 31 
  22393 Hamburg 
  Germany",,info@handmade.de,,,,,
165,Cypress Warehouse,Gabelsbergerstr. 1 83278 Traunstein Germany,,Traunstein,,Germany,83278,,,,,www.cw-store.com,"Gabelsbergerstr. 1 
  83278 Traunstein 
  Germany",,office@cw-store.com,,,,,
166,You Love It GmbH,Lorettostr.12 40219 Düsseldorf Germany,,Düsseldorf,,Germany,40219,,,,,http://you-love-it.eu,"Lorettostr.12 
  40219 Düsseldorf 
  Germany",,welcome@mulforter.com,,,,,
167,Freerider,Alsterglacis 18 20345 Hamburg Germany,,Hamburg,,Germany,20345,,,,,http://www.freeridershop.de/,"Alsterglacis 18 
  20345 Hamburg 
  Germany",,office@freeridershop.de,,,,,
168,KITE BUDDY,Bürgermeister Schmidt Str. 137 27568 Bremerhaven Germany,,Bremerhaven,,Germany,27568,,,,,https://www.kite-buddy.de,"Bürgermeister Schmidt Str. 137 
  27568 Bremerhaven 
  Germany",,info@kite-buddy.de,,,,,
169,Kitefly,Gabelsbergerstr. 1a 04137 Leipzig Germany,,Leipzig,,Germany,04137,,,,,www.kitefly.de,"Gabelsbergerstr. 1a 
  04137 Leipzig 
  Germany",,info@kitefly.de,,,,,
170,Wassersportcenter X-H2O GbR,Strandpromenade 3 25826 St. Peter-Ording Germany,,St. Peter-Ording,,Germany,25826,,,,,www.x-h2o.de,"Strandpromenade 3 
  25826 St. Peter-Ording 
  Germany",,info@x-h2o.de,,,,,
171,Daily Ride - KITE SUP SURF SHOP,Seiboldstrasse 37 86911 Riederau Germany,,Riederau,,Germany,86911,,,,,www.dailyride.de,"Seiboldstrasse 37 
  86911 Riederau 
  Germany",,info@dailyride.de,,,,,
172,Surfcenter Altmühlsee / Willi Rupp,"Schlungenhof Surfufer, Ansbacherstr. 99 91710 Gunzenhausen Germany",,Gunzenhausen,,Germany,91710,,,,,surfcenter-altmuehlsee.de,"Schlungenhof Surfufer, Ansbacherstr. 99 
  91710 Gunzenhausen 
  Germany",,info@surfcenter-altmuehlsee.de,,,,,
173,Kitejunkie,Zunftstrasse 7 85540  Haar Germany,,Haar,,Germany,85540 ,,,,,www.kitejunkie.com,"Zunftstrasse 7 
  85540  Haar 
  Germany",,info@kitejunkie.com,,,,,
174,Ride Kitesurfing,100 Military Rd 5021 West Lakes Shore Afghanistan,,West Lakes Shore,,Afghanistan,5021,,,,,"","100 Military Rd 
  5021 West Lakes Shore 
  Afghanistan",,mattwindsup@icloud.com,,,,,
175,Adrenalin Rush,Town Beach  4740 Bennington Esplanade Afghanistan,,Bennington Esplanade,,Afghanistan,4740,,,,,adrenalinrush.net.au,"Town Beach  
  4740 Bennington Esplanade 
  Afghanistan",,info@adrenalinrush.net.au,,,,,
176,KiteNinja.pl,   Afghanistan,,"",,Afghanistan,"",,,,,""," 
    
  Afghanistan",,"",,,,,
177,Gorge Performance,7400 SW Macadam Ave 97219 Portland Afghanistan,,Portland,,Afghanistan,97219,,,,,https://www.gorgeperformance.com/,"7400 SW Macadam Ave 
  97219 Portland 
  Afghanistan",,bob@gorgeperformance.com,,,,,
178,"Surf Service Graz, Gernot Brandstätter KG",Plüddemanngasse 25 8010 Graz Austria,,Graz,,Austria,8010,,,,,www.surfshop.at,"Plüddemanngasse 25 
  8010 Graz 
  Austria",,office@surfshop.at,,,,,
179,Scubaboard,Stockhofstrasse 9 4020 Linz Austria,,Linz,,Austria,4020,,,,,www.scubaboard.at,"Stockhofstrasse 9 
  4020 Linz 
  Austria",,office@scubaboard.at,,,,,
180,Hangloose Snowboard und Surfshop,Favoritenstrasse 28 1040 Wien Austria,,Wien,,Austria,1040,,,,,www.hangloose.com,"Favoritenstrasse 28 
  1040 Wien 
  Austria",,hangloose@hangloose.at,,,,,
181,Surfshop Upside Down - Böhm KG,Seeufergasse 30 7141 Podersdorf Austria,,Podersdorf,,Austria,7141,,,,,www.usd.at,"Seeufergasse 30 
  7141 Podersdorf 
  Austria",,office@usd.at,,,,,
182,Tirolsail,Fürstenweg 153 6020 Innsbruck Austria,,Innsbruck,,Austria,6020,,,,,www.tirolsail.com,"Fürstenweg 153 
  6020 Innsbruck 
  Austria",,office@tirolsail.com,,,,,
183,Boardshop Seidl,Gniglerstrasse 35 5020 Salzburg Austria,,Salzburg,,Austria,5020,,,,,www.boardshop.at,"Gniglerstrasse 35 
  5020 Salzburg 
  Austria",,office@boardshop.at,,,,,
184,Airtime Boardsports,3671 W. 4th Ave. V6R 1P2 Vancouver Canada,,Vancouver,,Canada,V6R 1P2,,,,,www.airtimeboardsports.com,"3671 W. 4th Ave. 
  V6R 1P2 Vancouver 
  Canada",,philippe@airtimeboardsports.com,,,,,
185,Boardsports,2010 Yonge Street M4S 1Z9 Toronto Canada,,Toronto,,Canada,M4S 1Z9,,,,,(416) 485-6065,"2010 Yonge Street 
  M4S 1Z9 Toronto 
  Canada",,sales@boardsports.ca,,,,,
186,La vie sportive,600 Rue Bouvier G2J 1A7 QUEBEC CITY Canada,,QUEBEC CITY,,Canada,G2J 1A7,,,,,(418) 623-8608,"600 Rue Bouvier 
  G2J 1A7 QUEBEC CITY 
  Canada",,cpelletier@viesportive.com,,,,,
187,30 Noeuds (30 Knots),985 Rue Perre-Dupuy J4K 1A1 Longueuil Canada,,Longueuil,,Canada,J4K 1A1,,,,,"","985 Rue Perre-Dupuy 
  J4K 1A1 Longueuil 
  Canada",,johnnybeach@30noeuds.com,,,,,
188,Elevation Kiteboarding,3937 14th Ave V9Y5C4 Port Alberni Canada,,Port Alberni,,Canada,V9Y5C4,,,,,http://www.elevationkiteboarding.com/,"3937 14th Ave 
  V9Y5C4 Port Alberni 
  Canada",,elevationkiteboarding@gmail.com,,,,,
189,La Pointe a David,1777 Baskatong J0W 1E0 Grand Remous Canada,,Grand Remous,,Canada,J0W 1E0,,,,,"","1777 Baskatong 
  J0W 1E0 Grand Remous 
  Canada",,marclafr@hotmail.com,,,,,
190,Kitesource,1913 5a Street SE T2S 2G2 Calgary Canada,,Calgary,,Canada,T2S 2G2,,,,,www.kitesource.ca,"1913 5a Street SE 
  T2S 2G2 Calgary 
  Canada",,jeff@kitesource.ca,,,,,
191,Boutique Vent en Fete,87 B John Street K6A 1Y1 Hawkesbury Canada,,Hawkesbury,,Canada,K6A 1Y1,,,,,"","87 B John Street 
  K6A 1Y1 Hawkesbury 
  Canada",,slyvainsr1@gmail.com,,,,,
192,Beachin,107 Main St. N0H 2G0 Sauble Beach Canada,,Sauble Beach,,Canada,N0H 2G0,,,,,www.jacknjillssurfshop.com,"107 Main St. 
  N0H 2G0 Sauble Beach 
  Canada",,sales@jacknjills.net,,,,,
193,Boarder's Store,str. Campineanu Ion nr. 24 010039 Bucuresti Romania,,Bucuresti,,Romania,010039,,,,,"","str. Campineanu Ion nr. 24 
  010039 Bucuresti 
  Romania",,shop@boarders.ro,,,,,
194,Boarder’s Skate & Surf House,Domnita Anastasia 9 50033 Bucharest Romania,,Bucharest,,Romania,50033,,,,,"","Domnita Anastasia 9 
  50033 Bucharest 
  Romania",,shop@boarders.ro,,,,,
195,iWake,Strada Zorelelor 44A   Snagov Romania,,Snagov,,Romania,"",,,,,"","Strada Zorelelor 44A  
   Snagov 
  Romania",,contact@iwake.ro,,,,,
196,Wetfly,Obrien 2304 7591509 Santiago Chile,,Santiago,,Chile,7591509,,,,,56-2-3701048,"Obrien 2304 
  7591509 Santiago 
  Chile",,sboetsch@wetfly.cl,,,,,
197,Watersports World Store,P.O.Box 3012 . Male Maldives,,Male,,Maldives,.,,,,,"","P.O.Box 3012 
  . Male 
  Maldives",,info@watersports-world.com,,,,,
198,Xmiles Pvt. Ltd.,Iskandhar Magu  Male Maldives,,Male,,Maldives,"",,,,,"","Iskandhar Magu 
   Male 
  Maldives",,adam_maldives@hotmail.com,,,,,
199,Ilu Buddy,  Maamigili Maldives,,Maamigili,,Maldives,"",,,,,""," 
   Maamigili 
  Maldives",,ambiguous_maamigili@hotmail.com,,,,,
200,Hardwind/Deportes Extremos S.A.,Av. Del Libertador 13.432 B1640AOS Buenos Aires Argentina,,Buenos Aires,,Argentina,B1640AOS,,,,,http://www.hardwind.com,"Av. Del Libertador 13.432 
  B1640AOS Buenos Aires 
  Argentina",,info@hardwind.com,,,,,
201,TandT Sport Hungary,Orbán tér 6 1126 Budapest Hungary,,Budapest,,Hungary,1126,,,,,3614571091,"Orbán tér 6 
  1126 Budapest 
  Hungary",,lazsadi.laszlo@tandtsport.hu,,,,,
202,Funsports LTD,Syggrou Avenue 314 17673 Kallithea Greece,,Kallithea,,Greece,17673,,,,,+30 2109570966,"Syggrou Avenue 314 
  17673 Kallithea 
  Greece",,info@funsports.gr,,,,,
203,Kite Mykonos,"Korfos Beach 84600 Mykonos, Korfos Greece",,"Mykonos, Korfos",,Greece,84600,,,,,+30 6943429468,"Korfos Beach 
  84600 Mykonos, Korfos 
  Greece",,info@kitemykonos.com,,,,,
204,Bit of Salt,"Asteras Parou 84400 Paros, Asteras Greece",,"Paros, Asteras",,Greece,84400,,,,,+30 6945703689,"Asteras Parou 
  84400 Paros, Asteras 
  Greece",,info@bitofsalt.gr,,,,,
205,kite school,"ESENINA STREET, 34 39000 Ryazan Russia",,Ryazan,,Russia,39000,,,,,74912301995,"ESENINA STREET, 34 
  39000 Ryazan 
  Russia",,doronin.andrej@gmail.com,,,,,
206,Diana-Sport,ul. Kuybysheva 1/5 197046 Saint-Petersburg Russia,,Saint-Petersburg,,Russia,197046,,,,,www.synd.ru,"ul. Kuybysheva 1/5 
  197046 Saint-Petersburg 
  Russia",,info@synd.ru,,,,,
207,Marabou,ul. Babakina 5a 141407 Moscow Russia,,Moscow,,Russia,141407,,,,,www.surfsport.ru,"ul. Babakina 5a 
  141407 Moscow 
  Russia",,marabou@bk.ru,,,,,
208,Syndicate Mercury,ul. Savushkina 141 197374 Saint-Petersburg Russia,,Saint-Petersburg,,Russia,197374,,,,,www.synd.ru,"ul. Savushkina 141 
  197374 Saint-Petersburg 
  Russia",,info@synd.ru,,,,,
209,Syndicate Sport Hit,Skolkovskoye sh. 31 121353 Moscow Russia,,Moscow,,Russia,121353,,,,,www.synd.ru,"Skolkovskoye sh. 31 
  121353 Moscow 
  Russia",,info@synd.ru,,,,,
210,Syndicate Extrim,ul. Smolnaya 63b 125445 Moscow Russia,,Moscow,,Russia,125445,,,,,www.synd.ru,"ul. Smolnaya 63b 
  125445 Moscow 
  Russia",,info@synd.ru,,,,,
211,Na Grebne,1-proezd Filatova 3 350059 Krasnodar Russia,,Krasnodar,,Russia,350059,,,,,www.veselovka.com,"1-proezd Filatova 3 
  350059 Krasnodar 
  Russia",,veselovka.com@mail.ru,,,,,
212,KITETIME.RU,Vavilova 1/54  Krasnoyarsk Russia,,Krasnoyarsk,,Russia,"",,,,,www.kitetime.ru www.kite24.ru,"Vavilova 1/54 
   Krasnoyarsk 
  Russia",,kitetime@yandex.ru,,,,,
213,Sea Store,"Lungomare G. Hops, 15 91026 Mazara del Vallo (TP) Italy",,Mazara del Vallo (TP),,Italy,91026,,,,,www.seastore.it,"Lungomare G. Hops, 15 
  91026 Mazara del Vallo (TP) 
  Italy",,seastore@libero.it,,,,,
214,Bridgman Surf Center,Via Aquileia 120 30017 Jesolo Lido Italy,,Jesolo Lido,,Italy,30017,,,,,+39 328 6612440,"Via Aquileia 120 
  30017 Jesolo Lido 
  Italy",,info@bridgmansails.com,,,,,
215,City Surf ,"Viale del Tirreno, 353 56128 Calambrone (PI) Italy",,Calambrone (PI),,Italy,56128,,,,,www.citysurf.it,"Viale del Tirreno, 353 
  56128 Calambrone (PI) 
  Italy",,info@citysurf.it,,,,,
216,Hawaiian Surfing,"Via Ardeatina, 181 00042 Anzio (Roma) Italy",,Anzio (Roma),,Italy,00042,,,,,www.hawaiiansurfing.com,"Via Ardeatina, 181 
  00042 Anzio (Roma) 
  Italy",,info@hawaiiansurfing.com,,,,,
217,KAU KAU ,"Via Bertoloni, 46 19038 Sarzana (SP) Italy",,Sarzana (SP),,Italy,19038,,,,,www.kaukau.it,"Via Bertoloni, 46 
  19038 Sarzana (SP) 
  Italy",,info@kaukau.it,,,,,
218,Sport Extreme,"Via Plebiscito, 32/C 70013 Castellana Grotte (BA) Italy",,Castellana Grotte (BA),,Italy,70013,,,,,www.sportextreme.it,"Via Plebiscito, 32/C 
  70013 Castellana Grotte (BA) 
  Italy",,gory@sportextreme.it,,,,,
219,Nautica Urban,"Viale Pinzon,8 47814 Bellaria Igea Marina Italy",,Bellaria Igea Marina,,Italy,47814,,,,,www.urban.it,"Viale Pinzon,8 
  47814 Bellaria Igea Marina 
  Italy",,info@urban.it,,,,,
220,SPORT MISSION,Viale Fulvio Testi 216 20126 Milano Italy,,Milano,,Italy,20126,,,,,www.sportmission.com,"Viale Fulvio Testi 216 
  20126 Milano 
  Italy",,info@sportmission.com,,,,,
221,Surf Paradise,"Via Cimarosa, 14 47838 Riccione (RN) Italy",,Riccione (RN),,Italy,47838,,,,,www.surfparadise.it,"Via Cimarosa, 14 
  47838 Riccione (RN) 
  Italy",,surfparadise@libero.it,,,,,
222,Surf Relax,"Via Amorotti, 2 GR Follonica Italy",,Follonica,,Italy,GR,,,,,www.surfrelax.it,"Via Amorotti, 2 
  GR Follonica 
  Italy",,tecnico@surfrelax.it,,,,,
223,WPoint,"Via Emanuele Orlando, 15 95100 Catania Italy",,Catania,,Italy,95100,,,,,"","Via Emanuele Orlando, 15 
  95100 Catania 
  Italy",,wpoint2001@yahoo.it,,,,,
224,Centro Surf Genova,"Via Cecchi, 57R 16129 Genova Italy",,Genova,,Italy,16129,,,,,www.centrosurf.it,"Via Cecchi, 57R 
  16129 Genova 
  Italy",,centrosurf@centrosurf.it,,,,,
225,Gana Sport,Viale Danimarca 84091 Battipaglia Italy,,Battipaglia,,Italy,84091,,,,,"","Viale Danimarca 
  84091 Battipaglia 
  Italy",,francesco@ganasport.it,,,,,
226,Island,"Corso Degli Abeti, 52 33054 Lignano Sabbiadoro Italy",,Lignano Sabbiadoro,,Italy,33054,,,,,www.islandsurf.it,"Corso Degli Abeti, 52 
  33054 Lignano Sabbiadoro 
  Italy",,info@islandsurf.it,,,,,
227,TWKC,"Via Aurelia Vecchia, 41 GR Fonteblanda Italy",,Fonteblanda,,Italy,GR,,,,,"","Via Aurelia Vecchia, 41 
  GR Fonteblanda 
  Italy",,airspock73@hotmail.com,,,,,
228,Big Air,Via Direttissimo del Conero 54 60010 Camerano  (AN) Italy,,Camerano  (AN),,Italy,60010,,,,,www.bigairshop.com,"Via Direttissimo del Conero 54 
  60010 Camerano  (AN) 
  Italy",,bigairshop@hotmail.com,,,,,
229,ISSIMO SPORT,Via Vergerio 36 35126 Padova Italy,,Padova,,Italy,35126,,,,,"","Via Vergerio 36 
  35126 Padova 
  Italy",,info@issimosport.it,,,,,
230,New White Shark,"Via Gradisca, 4/A 63039 San Benedetto del Tronto Italy",,San Benedetto del Tronto,,Italy,63039,,,,,www.newwhiteshark.it,"Via Gradisca, 4/A 
  63039 San Benedetto del Tronto 
  Italy",,nic.deangelis@tiscali.it,,,,,
231,Jolly Sport,"Via Nizza, 51/53 10126 Torino Italy",,Torino,,Italy,10126,,,,,www.jollysportsrl.com,"Via Nizza, 51/53 
  10126 Torino 
  Italy",,danielekkk@libero.it,,,,,
232,Devils Kiteboarding,"Via Nuova Toscanella,34 bis 80134 Napoli Italy",,Napoli,,Italy,80134,,,,,"","Via Nuova Toscanella,34 bis 
  80134 Napoli 
  Italy",,pierluigiavolio@hotmail.it,,,,,
233,Wipe OUT SRL,Via Pola 10 Angolo Via Mameli 09123 Cagliari CA Italy,,Cagliari CA,,Italy,09123,,,,,"","Via Pola 10 Angolo Via Mameli 
  09123 Cagliari CA 
  Italy",,contatti@wipeout.it,,,,,
234,Oceansurf,"Viale Adriatico, 4 00052 Campo Di Mare Cerveteri (RM) Italy",,Campo Di Mare Cerveteri (RM),,Italy,00052,,,,,"","Viale Adriatico, 4 
  00052 Campo Di Mare Cerveteri (RM) 
  Italy",,info@oceansurf.it,,,,,
235,Surf,"Viale Miramare, 31/C TS Trieste Italy",,Trieste,,Italy,TS,,,,,"","Viale Miramare, 31/C 
  TS Trieste 
  Italy",,infosurftrieste@libero.it,,,,,
236,DNA Surf,"Via Casal Bianco, 119 00012 Guidonia  Italy",,Guidonia ,,Italy,00012,,,,,www.dnasurf.com,"Via Casal Bianco, 119 
  00012 Guidonia  
  Italy",,contact@dnasurf.info,,,,,
237,MAKAI SURFSHOP SAS,"P.IVA 01973230681   / Via Carducci, 74 65120 Pescara (PE) Italy",,Pescara (PE),,Italy,65120,,,,,"","P.IVA 01973230681   / Via Carducci, 74 
  65120 Pescara (PE) 
  Italy",,makai.surfshop@gmail.com,,,,,
238,Kite Planet Shop,"Via Sarca Vecchio,1 38069 Torbole (TN) Italy",,Torbole (TN),,Italy,38069,,,,,www.kiteplanetshop.com,"Via Sarca Vecchio,1 
  38069 Torbole (TN) 
  Italy",,info@kiteplanetshop.com,,,,,
239,Surf & Relax,"Via Amorotti, 2 58022 Follonica (GR) Italy",,Follonica (GR),,Italy,58022,,,,,www.surfrelax.it,"Via Amorotti, 2 
  58022 Follonica (GR) 
  Italy",,tecnico@surfrelax.it,,,,,
240,The Perfect Wave,Viale Pleiadi 1 37073 Grado (UD) Italy,,Grado (UD),,Italy,37073,,,,,"","Viale Pleiadi 1 
  37073 Grado (UD) 
  Italy",,ettoremarchesan@libero.it,,,,,
241,DUOTONE PRO SHOP ROMA,Via Conca d'Oro 108/110 00141 Roma Italy,,Roma,,Italy,00141,,,,,www.duotoneproshoproma.it,"Via Conca d'Oro 108/110 
  00141 Roma 
  Italy",,duotoneproshoproma@gmail.com,,,,,
242,360 Slide Shop Riders Philosophy di Scalise G.,Via in Marinella 13 88900 Crotone Italy,,Crotone,,Italy,88900,,,,,"","Via in Marinella 13 
  88900 Crotone 
  Italy",,scalisesport@libero.it,,,,,
243,North Kiteboarding Gardalake,Via Scoisse 2 37018 Malcesine Italy,,Malcesine,,Italy,37018,,,,,www.northkitegarda.com,"Via Scoisse 2 
  37018 Malcesine 
  Italy",,shop@northkitegarda.com,,,,,
244,Kamisurf,via Provinciale Lecce - Vernole km 3    73020  Merine Lecce Italy Italy,,Merine Lecce Italy,,Italy, 73020 ,,,,,"","via Provinciale Lecce - Vernole km 3   
   73020  Merine Lecce Italy 
  Italy",,info@limoneilluminazione.it,,,,,
245,Veleria Max,"via indipendenza,105/107 88046 Lamezia Terme Italy",,Lamezia Terme,,Italy,88046,,,,,http//www.veleriamax.it,"via indipendenza,105/107 
  88046 Lamezia Terme 
  Italy",,veleriamax@hotmail.com,,,,,
246,Briskites,1/462 Beaconsfield Terrace 4017 Brightion Australia,,Brightion,,Australia,4017,,,,,(07) 3269 1034,"1/462 Beaconsfield Terrace 
  4017 Brightion 
  Australia",,info@briskites.com.au,,,,,
247,WA Surf,Safety Bay Yacht Club Corner of Safety Bay Road & Arcadia Drive  6169 Safety Bay WA Australia,,Safety Bay WA,,Australia,6169,,,,,www.wasurf.com.au,"Safety Bay Yacht Club Corner of Safety Bay Road & Arcadia Drive  
  6169 Safety Bay WA 
  Australia",,info@wasurf.com.au,,,,,
248,Wetspot,16/68 Woolongong Street 2609 Fyshwick Australia,,Fyshwick,,Australia,2609,,,,,(02) 6239 1123,"16/68 Woolongong Street 
  2609 Fyshwick 
  Australia",,info@wetspot.net.au,,,,,
249,Fun Supply,4/7 Caryota Crt  0810 Coconut Grove  Australia,,Coconut Grove ,,Australia,0810,,,,,www.funsupply.com.au,"4/7 Caryota Crt  
  0810 Coconut Grove  
  Australia",,funsupply@bigpond.com.au,,,,,
250,Kite Republic, 4/10-18 Jacka Blvd (St Kilda Baths Precint) 3182 St Kilda Australia,,St Kilda,,Australia,3182,,,,,www.kiterepublic.com.au," 4/10-18 Jacka Blvd (St Kilda Baths Precint) 
  3182 St Kilda 
  Australia",,info@kiterepublic.com.au,,,,,
251,Kiteboarding Lessons PTY LTD,Unit 8 / 12 -14 Northumberland Drive 2229 Caringbah Australia,,Caringbah,,Australia,2229,,,,,www.kiteboardinglessons.com.au,"Unit 8 / 12 -14 Northumberland Drive 
  2229 Caringbah 
  Australia",,info@kiteboardinglessons.com.au,,,,,
252,ESS Boardstore,2/251 The Entrance Road 2250 Erina Australia,,Erina,,Australia,2250,,,,,(02) 4365 5849,"2/251 The Entrance Road 
  2250 Erina 
  Australia",,windsurfrod@yahoo.com,,,,,
253,Windsurf N Snow,17-19 Anzac Avenue 2097 Collaroy Australia,,Collaroy,,Australia,2097,,,,,"","17-19 Anzac Avenue 
  2097 Collaroy 
  Australia",,info@windsurfnsnow.com.au,,,,,
254,Adrenalin Rush Sports Australia,"Binnington Esp, Mackay 4740 Queensland Australia",,Queensland,,Australia,4740,,,,,www.adrenalinrush.net.au,"Binnington Esp, Mackay 
  4740 Queensland 
  Australia",,info@adrenalinrush.net.au,,,,,
255,Adventure Sports & Kitesurf Australia,136 Eumundi Road 4566 Noosaville Australia,,Noosaville,,Australia,4566,,,,,(07) 5455 6500,"136 Eumundi Road 
  4566 Noosaville 
  Australia",,Info@kitesurfaustralia.com.au,,,,,
256,In The Loop Kiteboarding,3 Maskell Street 4810 Pallerenda Australia,,Pallerenda,,Australia,4810,,,,,"","3 Maskell Street 
  4810 Pallerenda 
  Australia",,marvin@intheloopkiteboarding.com,,,,,
257,Action Sports WA,10/30 Erindale Road 6021 Balcatta Australia,,Balcatta,,Australia,6021,,,,,www.actionsportswa.com.au ,"10/30 Erindale Road 
  6021 Balcatta 
  Australia",,info@actionsportswa.com.au,,,,,
258,Delta Designs,"LOT 3, Trinder Drive 6285 Margaret River Australia",,Margaret River,,Australia,6285,,,,,(08) 9757 2346,"LOT 3, Trinder Drive 
  6285 Margaret River 
  Australia",,marty@deltadesigns.com.au,,,,,
259,Geraldton Surf N Sail,6/208-210 Northwest Coastal Hwy Geraldton WA 6530 6530 Geraldton Australia,,Geraldton,,Australia,6530,,,,,(08) 9921 6165,"6/208-210 Northwest Coastal Hwy Geraldton WA 6530 
  6530 Geraldton 
  Australia",,kim@gerosurfsail.com.au,,,,,
260,Ocean Addicts,103-105 Aerodrome Road 4558 Maroochydore Australia,,Maroochydore,,Australia,4558,,,,,"","103-105 Aerodrome Road 
  4558 Maroochydore 
  Australia",,info@oceanaddicts.com.au,,,,,
261,Australian Kiteboarding and SUP,256 West Coast Highway 6019 Scarborough  WA Australia,,Scarborough  WA,,Australia,6019,,,,,"","256 West Coast Highway 
  6019 Scarborough  WA 
  Australia",,info@australiankiteboarding.com,,,,,
262,Newcastle Kite & SUP,2/339 Hillsborough Road  2282 Warners Bay  Australia,,Warners Bay ,,Australia,2282,,,,,www.kiteandsup.com.au,"2/339 Hillsborough Road  
  2282 Warners Bay  
  Australia",,sorse25@hotmail.com,,,,,
263,Surf FX,127 Ferry Rd 4215 Southport Australia,,Southport,,Australia,4215,,,,,"","127 Ferry Rd 
  4215 Southport 
  Australia",,contact@surffx.com.au,,,,,
264,Ride Kitesurfing,"West Lakes Aquatic Centre, 100 Military Rd, West Lakes Shore 5020 Adelaide Australia",,Adelaide,,Australia,5020,,,,,www.ride-kite-surfing.myshopify.com,"West Lakes Aquatic Centre, 100 Military Rd, West Lakes Shore 
  5020 Adelaide 
  Australia",,mattwindsup@icloud.com,,,,,
265,KITE RITE,"Stratford, Cairns. Warehouse by appointment. 4870 Stratford Australia",,Stratford,,Australia,4870,,,,,www.kiterite.com.au,"Stratford, Cairns. Warehouse by appointment. 
  4870 Stratford 
  Australia",,kiterite@hotmail.com,,,,,
266,Griffes Kiteflex Ltd,"Amathoundos Avenue, Marina Beach Apts Shop SF7  45833 Limassol Cyprus",,Limassol,,Cyprus,45833,,,,,www.kitesurfingcyprus.org,"Amathoundos Avenue, Marina Beach Apts Shop SF7  
  45833 Limassol 
  Cyprus",,info@kitesurfingcyprus.com,,,,,
267,Snowboardel s.r.o.,Radlicka 117 15800 Prague Czech Republic,,Prague,,Czech Republic,15800,,,,,www.snowboardel.cz,"Radlicka 117 
  15800 Prague 
  Czech Republic",,albert.zegklitz@snowboardel.cz,,,,,
268,Lipno WS,Cerna v Posumavi 139 38223 Cerna v Posumavi Czech Republic,,Cerna v Posumavi,,Czech Republic,38223,,,,,"","Cerna v Posumavi 139 
  38223 Cerna v Posumavi 
  Czech Republic",,lipno@lipno-windsurfing.cz,,,,,
269,Skotchka,Smetanovo namesti 7 70200 Ostrava Czech Republic,,Ostrava,,Czech Republic,70200,,,,,"","Smetanovo namesti 7 
  70200 Ostrava 
  Czech Republic",,shop@skotchka.cz,,,,,
270,Ski Surf,V Tunich 11 12000 Prague Czech Republic,,Prague,,Czech Republic,12000,,,,,"","V Tunich 11 
  12000 Prague 
  Czech Republic",,info@skisurf.cz,,,,,
271,F4 s.r.o.,ATC Merkur 74801 Pasohlavky Czech Republic,,Pasohlavky,,Czech Republic,74801,,,,,www.f4.cz,"ATC Merkur 
  74801 Pasohlavky 
  Czech Republic",,f4@f4.cz,,,,,
272,Konig Surf s.r.o.,Tesinska 14 30100 Plzen Czech Republic,,Plzen,,Czech Republic,30100,,,,,www.konig.cz,"Tesinska 14 
  30100 Plzen 
  Czech Republic",,konig@konig.cz,,,,,
273,Kite-Turkey ,"Alacati Surf Paradise Club, Alacati  Cesme Izmir Turkey",,Cesme Izmir,,Turkey,"",,,,,www.kite-turkey.com,"Alacati Surf Paradise Club, Alacati 
   Cesme Izmir 
  Turkey",,info@kite-turkey.com,,,,,
274,Kite Mercedes by Bilge Ozturk,"Azmakboyu Sokak, Akyaka  Gokova / Mugla Turkey",,Gokova / Mugla,,Turkey,"",,,,,www.kitemercedesbybilgeozturk.com,"Azmakboyu Sokak, Akyaka 
   Gokova / Mugla 
  Turkey",,info@bilgeozturkkiteclub.com,,,,,
275,Slalom Sport,"Bagdat Caddesi, Erker Apt No 368/10 Saskinbakkal  NA Istanbul Turkey",,Istanbul,,Turkey,NA,,,,,www.slalomsport.com,"Bagdat Caddesi, Erker Apt No 368/10 Saskinbakkal  
  NA Istanbul 
  Turkey",,info@slalomsport.com,,,,,
276,KiteDream Ayvalik,Sahilkent Mah Z]beyde Hanim Cad  Ayvalik Turkey,,Ayvalik,,Turkey,"",,,,,"","Sahilkent Mah Z]beyde Hanim Cad 
   Ayvalik 
  Turkey",,"",,,,,
277,Urla Kite Center,"Gulbahçe Kite Beach, Gulbahçe, Urla 35430 Izmir Turkey",,Izmir,,Turkey,35430,,,,,www.urlakite.com,"Gulbahçe Kite Beach, Gulbahçe, Urla 
  35430 Izmir 
  Turkey",,ukcturkey@gmail.com,,,,,
278,Kiteshop17,"Barboros Mah. 2172 Sokak, Marina Sitesi 1AA 33150 Mersin Turkey",,Mersin,,Turkey,33150,,,,,www.kiteshop17.com,"Barboros Mah. 2172 Sokak, Marina Sitesi 1AA 
  33150 Mersin 
  Turkey",,arif@berkoz.com,,,,,
279,Xtremspor.com,Alacati  Izmir Turkey,,Izmir,,Turkey,"",,,,,www.xtremspor.com,"Alacati 
   Izmir 
  Turkey",,info@xtremspor.com,,,,,
280,Bombamayo,"Hisaronu, Kiseburnu No: 103 Marmaris 48700 Mugla Turkey",,Mugla,,Turkey,48700,,,,,www.bombamayo.com,"Hisaronu, Kiseburnu No: 103 Marmaris 
  48700 Mugla 
  Turkey",,vural@bombamayo.com,,,,,
281,Surf Equipment Company Ltd.,Pechakasem Road 113/5 77110 Hua Hin Thailand,,Hua Hin,,Thailand,77110,,,,,"","Pechakasem Road 113/5 
  77110 Hua Hin 
  Thailand",,info@nkbclub.com,,,,,
282,NORTH KITEBOARDING CLUB,Pechakasem Road 113/5 77110 Hua Hin Thailand,,Hua Hin,,Thailand,77110,,,,,"","Pechakasem Road 113/5 
  77110 Hua Hin 
  Thailand",,mail@surfequipmentcompany.com,,,,,
283,North Kiteboarding Club Thailand,Nai Yang Beach 3  Phuket Thailand,,Phuket,,Thailand,"",,,,,"","Nai Yang Beach 3 
   Phuket 
  Thailand",,dealerthailand@nkbclub.com,,,,,
284,Kite Kalle,Stationsgatan 58 30250 Halmstad Sweden,,Halmstad,,Sweden,30250,,,,,www.kitekalle.com,"Stationsgatan 58 
  30250 Halmstad 
  Sweden",,info@kitekalle.com,,,,,
285,"SURF.SE  ""Wallén Water World""",Kungsporten-  Bolshedens Industriväg 18- 42750 Billdal Sweden,,Billdal,,Sweden,42750,,,,,www.surf.se,"Kungsporten-  Bolshedens Industriväg 18- 
  42750 Billdal 
  Sweden",,info@surf.se,,,,,
286,Kiteboardcenter,Birkagatan 9 113 36 Stockholm Sweden,,Stockholm,,Sweden,113 36,,,,,www.kiteboardcenter.se/,"Birkagatan 9 
  113 36 Stockholm 
  Sweden",,bjorn@kiteboardcenter.se,,,,,
287,JPH Enterprises,Unnerstadvägen 20 60591 Norrköping Sweden,,Norrköping,,Sweden,60591,,,,,"","Unnerstadvägen 20 
  60591 Norrköping 
  Sweden",,hampus.bruhammar@securitasdirect.se,,,,,
288,Lule Kite AB ,Professorsvägen 129D 97751 Luleå Sweden,,Luleå,,Sweden,97751,,,,,http://lulekite.se/,"Professorsvägen 129D 
  97751 Luleå 
  Sweden",,info@lulekite.se,,,,,
289,Swesurf,Adelsgatan 40 621 57 Visby Sweden,,Visby,,Sweden,621 57,,,,,https://swesurf.com/,"Adelsgatan 40 
  621 57 Visby 
  Sweden",,hakan.isaksson@hmikonfektyr.se,,,,,
290,Kiteboarding China,Ying Bin Road . No.380 572000 Hainan Island China,,Hainan Island,,China,572000,,,,,www.kiteboardingchina.com,"Ying Bin Road . No.380 
  572000 Hainan Island 
  China",,info@kiteboardingchina.com,,,,,
291,Dahuang water sport club,"Aranya Gold Coast community , qinhuangdao  066600 Hebei province  China",,Hebei province ,,China,066600,,,,,"","Aranya Gold Coast community , qinhuangdao  
  066600 Hebei province  
  China",,Ibishuang@hotmail.com,,,,,
292,HUI NING KITEBOARDING,"Qidong City , Nantong City , Jiangsu Province 226200 Shanghai Hengda China",,Shanghai Hengda,,China,226200,,,,,"","Qidong City , Nantong City , Jiangsu Province 
  226200 Shanghai Hengda 
  China",,"",,,,,
293,Hainan Kiteboarding association ,160 Binhai Avenue   HaiKou  China,,HaiKou ,,China,"",,,,,"","160 Binhai Avenue  
   HaiKou  
  China",,"",,,,,
294,Baoqing Club,  Shanwei  China,,Shanwei ,,China,"",,,,,""," 
   Shanwei  
  China",,"",,,,,
295,WARRIOR'S KITESURFING,Fujian Provnice Dongshan 363400 Dongshan  China,,Dongshan ,,China,363400,,,,,"","Fujian Provnice Dongshan 
  363400 Dongshan  
  China",,785433647@qq.com,,,,,
296,Aloha Surf,Beach of Pärnu  Pärnu Estonia,,Pärnu,,Estonia,"",,,,,"","Beach of Pärnu 
   Pärnu 
  Estonia",,info@aloha.ee,,,,,
297,Sort et glisse Sarl,Rue des pommes numero 11 El Manar 1  El Menzah-Tunis Tunisia,,El Menzah-Tunis,,Tunisia,"",,,,,"","Rue des pommes numero 11 El Manar 1 
   El Menzah-Tunis 
  Tunisia",,ameur.atig@hotmail.de,,,,,
298,Watersport Tunisia,Rue le Kelibia  Kelibia Tunisia,,Kelibia,,Tunisia,"",,,,,www.watersport-tunisia.com,"Rue le Kelibia 
   Kelibia 
  Tunisia",,info@watersport-tunisia.com,,,,,
299,Free Ride,"152 rue Bénébig, Haut-Magenta 98800 Nouméa New Caledonia",,Nouméa,,New Caledonia,98800,,,,,http://www.free-ride.nc,"152 rue Bénébig, Haut-Magenta 
  98800 Nouméa 
  New Caledonia",,freeride@lagoon.nc,,,,,
300,TALANT SPORTS E.O.O.D,"Rosa Str. 32,  kw. Bistritza 1444 Sofia Bulgaria",,Sofia,,Bulgaria,1444,,,,,"","Rosa Str. 32,  kw. Bistritza 
  1444 Sofia 
  Bulgaria",,talant.sport@gmail.com,,,,,
301,SurfPM,Gen. Stoletov Str. 92 9002 Varna Bulgaria,,Varna,,Bulgaria,9002,,,,,http://www.surfpm.com,"Gen. Stoletov Str. 92 
  9002 Varna 
  Bulgaria",,contact@surfpm.com,,,,,
302,Surf Shop Burgas,Lermontov Str. N46 8000 Burgas Bulgaria,,Burgas,,Bulgaria,8000,,,,,www.surfshopburgas.com,"Lermontov Str. N46 
  8000 Burgas 
  Bulgaria",,morchev@gmail.com,,,,,
303,Euro Funcenter Zevenhuizen,Strandweg 29 2761 DM Zevenhuizen Netherlands,,Zevenhuizen,,Netherlands,2761 DM,,,,,www.eurofun.nl,"Strandweg 29 
  2761 DM Zevenhuizen 
  Netherlands",,klantenservice@eurofun.nl,,,,,
304,Euro Funcenter Oostvoorne,Noordoever Oostvoornesemeer 3 3233 NC Oostvoorne Netherlands,,Oostvoorne,,Netherlands,3233 NC,,,,,www.eurofun.nl,"Noordoever Oostvoornesemeer 3 
  3233 NC Oostvoorne 
  Netherlands",,Oostvoorne@eurofun.nl,,,,,
305,Euro Funcenter Brouwersdam,Brouwersdam 20 3253 MH Brouwersdam Netherlands,,Brouwersdam,,Netherlands,3253 MH,,,,,www.eurofun.nl,"Brouwersdam 20 
  3253 MH Brouwersdam 
  Netherlands",,brouwersdam@eurofun.nl,,,,,
306,Siem de Jong Funsports,Buitenwatersloot 351 2614 LD Delft Netherlands,,Delft,,Netherlands,2614 LD,,,,,www.siem.nl,"Buitenwatersloot 351 
  2614 LD Delft 
  Netherlands",,info@siem.nl,,,,,
307,Surfcenter.nl,Roegeweg 1 9629 PA Steendam Netherlands,,Steendam,,Netherlands,9629 PA,,,,,www.surfcenter.nl,"Roegeweg 1 
  9629 PA Steendam 
  Netherlands",,jw@surfcenter.nl,,,,,
308,Van den Berg Surf Hoorn,Kernweg 1 1627 LC Hoorn Netherlands,,Hoorn,,Netherlands,1627 LC,,,,,www.vandenbergsurf.nl,"Kernweg 1 
  1627 LC Hoorn 
  Netherlands",,info@vandenbergsurf.nl,,,,,
309,van Bellen,Lantaarndijk 12 4797 SP Willemstad Netherlands,,Willemstad,,Netherlands,4797 SP,,,,,www.vanbellen.nl,"Lantaarndijk 12 
  4797 SP Willemstad 
  Netherlands",,info@vanbellen.nl,,,,,
310,Telstar Surf,Palmbosweg 16-20 3853 LB Ermelo Netherlands,,Ermelo,,Netherlands,3853 LB,,,,,www.telstarsurf.nl,"Palmbosweg 16-20 
  3853 LB Ermelo 
  Netherlands",,info@telstarsurf.nl,,,,,
311,Kater Funsports b.v.,Belterlaan 30 1777 HM Hippolythushoef Netherlands,,Hippolythushoef,,Netherlands,1777 HM,,,,,www.kater.nl,"Belterlaan 30 
  1777 HM Hippolythushoef 
  Netherlands",,info@kater.nl,,,,,
312,AWA,Boulevard Heuvelink 3 6828 KG Arnhem Netherlands,,Arnhem,,Netherlands,6828 KG,,,,,www.awa-sports.nl,"Boulevard Heuvelink 3 
  6828 KG Arnhem 
  Netherlands",,info@awa-sports.nl,,,,,
313,Double Dutch,Klipperweg 15D 8102 HR RAALTE Netherlands,,RAALTE,,Netherlands,8102 HR,,,,,"","Klipperweg 15D 
  8102 HR RAALTE 
  Netherlands",,"",,,,,
314,Funsport Makkum,Skilbanken 9-10 8754 HP Makkum Netherlands,,Makkum,,Netherlands,8754 HP,,,,,www.funsportmakkum.nl,"Skilbanken 9-10 
  8754 HP Makkum 
  Netherlands",,info@funsportmakkum.nl,,,,,
315,Kater Funsports b.v.,Herculesstraat 57 1812 PD Alkmaar Netherlands,,Alkmaar,,Netherlands,1812 PD,,,,,www.kater.nl,"Herculesstraat 57 
  1812 PD Alkmaar 
  Netherlands",,alkmaar@kater.nl,,,,,
316,Gearfreak Katwijk,Secr. Varkevisserstraat 345 2225 LD Katwijk aan Zee Netherlands,,Katwijk aan Zee,,Netherlands,2225 LD,,,,,www.gearfreak.nl,"Secr. Varkevisserstraat 345 
  2225 LD Katwijk aan Zee 
  Netherlands",,katwijk@gearfreak.nl,,,,,
317,Van den Berg Surf Zandvoort,Passage 36-40 2042 KV Zandvoort Netherlands,,Zandvoort,,Netherlands,2042 KV,,,,,www.vandenbergsurf.nl,"Passage 36-40 
  2042 KV Zandvoort 
  Netherlands",,info@vandenbergsurf.nl,,,,,
318,Shaka,Vissershavenweg 62 2583 DL Scheveningen Netherlands,,Scheveningen,,Netherlands,2583 DL,,,,,www.shakaonline.nl,"Vissershavenweg 62 
  2583 DL Scheveningen 
  Netherlands",,admin@shakaonline.nl,,,,,
319,CoreNmore,Suderséleane 7 8711 Workum Netherlands,,Workum,,Netherlands,8711,,,,,www.corenmore.nl,"Suderséleane 7 
  8711 Workum 
  Netherlands",,info@corenmore.nl,,,,,
320,Kitemana,Taanderstraat 13 2222 BG Katwijk Netherlands,,Katwijk,,Netherlands,2222 BG,,,,,www.kitemana.nl,"Taanderstraat 13 
  2222 BG Katwijk 
  Netherlands",,tom@kitemana.nl,,,,,
321,Vertigo Sports,Strand Vrouwenpolder 80 4354 XZ Vrouwenpolder Netherlands,,Vrouwenpolder,,Netherlands,4354 XZ,,,,,www.vertigo-sports.com,"Strand Vrouwenpolder 80 
  4354 XZ Vrouwenpolder 
  Netherlands",,info@vertigo-sports.com,,,,,
322,Surf Now,Osojnikova 4a 2000  Maribor Slovenia,,Maribor,,Slovenia,2000 ,,,,,www.surfnow.eu,"Osojnikova 4a 
  2000  Maribor 
  Slovenia",,info@surfnow.eu,,,,,
323,HQ (internet shop),"Gortanova 21 , Športni park Slovan 1000 Ljubljana Slovenia",,Ljubljana,,Slovenia,1000,,,,,www.surf-hq.com,"Gortanova 21 , Športni park Slovan 
  1000 Ljubljana 
  Slovenia",,hello@surf-hq.com,,,,,
324,SURF-STORE.COM (online shop),Poklukarjeva 42 1000 Ljubljana Slovenia,,Ljubljana,,Slovenia,1000,,,,,http://www.surf-store.com/,"Poklukarjeva 42 
  1000 Ljubljana 
  Slovenia",,info@surf-store.com,,,,,
325,SURFSHOP LJUBLJANA,"Gortanova 21 , Športni park Slovan 1000 Ljubljana Slovenia",,Ljubljana,,Slovenia,1000,,,,,www.surfshop.si,"Gortanova 21 , Športni park Slovan 
  1000 Ljubljana 
  Slovenia",,amodor@siol.net,,,,,
326,Sun & Surf LLC,P.O.Box 11-5899 1107 2200 Beirut Lebanon,,Beirut,,Lebanon,1107 2200,,,,,"","P.O.Box 11-5899 
  1107 2200 Beirut 
  Lebanon",,info@kitesurfme.com,,,,,
327,Darwind,Holanda esq. Francisco Acuña de Figueroa 20000 Maldonado CP Uruguay,,Maldonado CP,,Uruguay,20000,,,,,"","Holanda esq. Francisco Acuña de Figueroa 
  20000 Maldonado CP 
  Uruguay",,darwindsurf@hotmail.com,,,,,
328,Matos Surf & Kiteshop,124c Chaussee de Ninnove 1080 Bruxelles Belgium,,Bruxelles,,Belgium,1080,,,,,www.matos.be,"124c Chaussee de Ninnove 
  1080 Bruxelles 
  Belgium",,info@matos.be,,,,,
329,Fly High Sports,Albert 1 Laan 32a 8670 Oostduinkerke Belgium,,Oostduinkerke,,Belgium,8670,,,,,www.flyhigh.be,"Albert 1 Laan 32a 
  8670 Oostduinkerke 
  Belgium",,info@flyhigh.be,,,,,
330,Icarus Zeebrugge,Kustlaan 137 8380 Zeebrugge Belgium,,Zeebrugge,,Belgium,8380,,,,,www.icaruskitesurfshop.be,"Kustlaan 137 
  8380 Zeebrugge 
  Belgium",,info@icaruskitesurfshop.be,,,,,
331,Seazons,Heilig Kruisstraat 6 2640 Mortsel Belgium,,Mortsel,,Belgium,2640,,,,,"","Heilig Kruisstraat 6 
  2640 Mortsel 
  Belgium",,info@seazons.be,,,,,
332,Surf In,"2, rue Henri M. Schnadt 2530 Luxembourg Luxembourg",,Luxembourg,,Luxembourg,2530,,,,,www.surfin.lu,"2, rue Henri M. Schnadt 
  2530 Luxembourg 
  Luxembourg",,surfin@pt.lu,,,,,
333,Kitekuda North Shop,Kitekuda Lagoon Kitekuda Camp Kappaladi Sri Lanka,,Kappaladi,,Sri Lanka,Kitekuda Camp,,,,,+94114722995,"Kitekuda Lagoon 
  Kitekuda Camp Kappaladi 
  Sri Lanka",,eplifestyle@eureka.lk,,,,,
334,De Silva Wind Resort,  Kalpitiya Sri Lanka,,Kalpitiya,,Sri Lanka,"",,,,,http://www.surfschool-srilanka.com/index.php/en/," 
   Kalpitiya 
  Sri Lanka",,office@surfschool-srilanka.com,,,,,
335,Srilankakite,  Kalpitiya Sri Lanka,,Kalpitiya,,Sri Lanka,"",,,,,www.srilankakite.com," 
   Kalpitiya 
  Sri Lanka",,info@srilankakite.com,,,,,
336,Watersport Consulting,"Al saidiya street PO Box: 964, PC: 130 Muscat Oman",,Muscat,,Oman,"PO Box: 964, PC: 130",,,,,"","Al saidiya street 
  PO Box: 964, PC: 130 Muscat 
  Oman",,info@watersport-equipment.net,,,,,
337,WSP - Watersports,54a Barry's Pt Road 0622 Takapuna Auckland New Zealand,,Takapuna Auckland,,New Zealand,0622,,,,,09 486 7740,"54a Barry's Pt Road 
  0622 Takapuna Auckland 
  New Zealand",,info@watersports.co.nz,,,,,
338,Wild Winds,"2 Hunter Street, Ground Floor, ASB Tower, 6011 Wellington New Zealand",,Wellington,,New Zealand,6011,,,,,https://www.wildwinds.co.nz/,"2 Hunter Street, Ground Floor, ASB Tower, 
  6011 Wellington 
  New Zealand",,info@wildwinds.co.nz,,,,,
339,Groundswell,"Unit 2, 1030 Ferry Road 8142 Christchurch New Zealand",,Christchurch,,New Zealand,8142,,,,,"","Unit 2, 1030 Ferry Road 
  8142 Christchurch 
  New Zealand",,allan-taylor@xtra.co.nz,,,,,
340,Surfpiste Finland Oy,Lauttasaarentie 11 00200 Helsinki Finland,,Helsinki,,Finland,00200,,,,,+358 (45) 6708566,"Lauttasaarentie 11 
  00200 Helsinki 
  Finland",,michael@surfpiste.com,,,,,
341,KitesurfPR,"500 Plantation Dr, Suite 1 00646 Dorado, PR Other",,"Dorado, PR",,Other,00646,,,,,"","500 Plantation Dr, Suite 1 
  00646 Dorado, PR 
  Other",,kitesurfpr@gmail.com,,,,,
342,East of Maui Dewey Beach,"104 St. Louis Street 19971 Rehoboth Beach, MD Other",,"Rehoboth Beach, MD",,Other,19971,,,,,"","104 St. Louis Street 
  19971 Rehoboth Beach, MD 
  Other",,info@eastofmaui.com,,,,,
343,Wild Winds,36 Custom House Quay . Wellington Other,,Wellington,,Other,.,,,,,"","36 Custom House Quay 
  . Wellington 
  Other",,info@wildwinds.co.nz,,,,,
344,Caribbean Kiters,Suite 10 Corporate Plaza KY1-1111 Georgetown Cayman Islands,,Georgetown,,Cayman Islands,KY1-1111,,,,,"","Suite 10 Corporate Plaza 
  KY1-1111 Georgetown 
  Cayman Islands",,info@caribbeankiters.com,,,,,
345,Exotkite Kiteboarding,Calle 20 de Noviembre 23330 Los Barriles/BCS Mexico,,Los Barriles/BCS,,Mexico,23330,,,,,exotikite.com,"Calle 20 de Noviembre 
  23330 Los Barriles/BCS 
  Mexico",,losbarrileskiteboarding@gmail.com,,,,,
346,Boarding Generation,San Vicente de Paul 44500 Guadalajara/JA Mexico,,Guadalajara/JA,,Mexico,44500,,,,,"","San Vicente de Paul 
  44500 Guadalajara/JA 
  Mexico",,wakeboardingx@hotmaill.com,,,,,
347,Asiomastercos,"Guadalajara, Jalisco . Guadalajara, Jalisco Mexico",,"Guadalajara, Jalisco",,Mexico,.,,,,,"","Guadalajara, Jalisco 
  . Guadalajara, Jalisco 
  Mexico",,wakeboardingx@hotmail.com,,,,,
348,Baja Joe's,"La Paz, BCS 23000 Mexico 588 LA Ventana/BCS Mexico",,LA Ventana/BCS,,Mexico,588,,,,,011-521 126 9226,"La Paz, BCS 23000 Mexico 
  588 LA Ventana/BCS 
  Mexico",,bajajoeshotel@gmail.com,,,,,
349,YUCKITE KITESCHOOL,"Calle Playa, sin número, entre 130 y 134 Progreso, Yucatán Colonia Nueva Yucalpetén Mexico",,Colonia Nueva Yucalpetén,,Mexico,"Progreso, Yucatán",,,,,http://yuckite.com/home/,"Calle Playa, sin número, entre 130 y 134 
  Progreso, Yucatán Colonia Nueva Yucalpetén 
  Mexico",,yuckite@gmail.com,,,,,
350,TWIST SPORTS,  GUADALAHARA Mexico,,GUADALAHARA,,Mexico,"",,,,,""," 
   GUADALAHARA 
  Mexico",,info@twistsports.com,,,,,
351,Madaeen Al Doha,West Bay Lagoon 0 Doha Qatar,,Doha,,Qatar,0,,,,,www.mdohagroup.com,"West Bay Lagoon 
  0 Doha 
  Qatar",,lvblazquez@mdohagroup.com,,,,,
352,Cameron Marchand,"Y-Village, Villa 74, Zone 55 Abu Sidra  Doha Qatar",,Doha,,Qatar,"",,,,,"","Y-Village, Villa 74, Zone 55 Abu Sidra 
   Doha 
  Qatar",,yallakitesurfing@gmail.com,,,,,
353,KITEBOARDING BONAIRE N.V.,KAYA VENUS 2  Bonaire / Dutch Caribbean Netherlands Antilles,,Bonaire / Dutch Caribbean,,Netherlands Antilles,"",,,,,"","KAYA VENUS 2 
   Bonaire / Dutch Caribbean 
  Netherlands Antilles",,info@kiteboardingbonaire.com,,,,,
354,Northkiteboarding Shop,"Harmonie Shopping Center, Le Morne - Le Morne Mauritius",,Le Morne,,Mauritius,-,,,,,+2304505304,"Harmonie Shopping Center, Le Morne 
  - Le Morne 
  Mauritius",,legall@orange.mu,,,,,
355,TOU KOREK KITE SUP WAKE & SURF SHOP,"Village Walk Shopping Center, La Gaulette - La Gaulette Mauritius",,La Gaulette,,Mauritius,-,,,,,https://kitesurf.mu/,"Village Walk Shopping Center, La Gaulette 
  - La Gaulette 
  Mauritius",,legall@intnet.mu,,,,,
356,Horizonte Náutico,Calle General Iglesias 525 Miraflores Lima Peru,,Lima,,Peru,525 Miraflores,,,,,"","Calle General Iglesias 
  525 Miraflores Lima 
  Peru",,augustonicolini@hotmail.com,,,,,
357,Horizonte Nautico S.A.C.,- - Lima Peru,,Lima,,Peru,-,,,,,"","- 
  - Lima 
  Peru",,augusto@horizontenautico.com,,,,,
358,WAKA Surf Shop," Calle Principal Cabarete, Puerto Plata Dominican Republic",,"Cabarete, Puerto Plata",,Dominican Republic,Calle Principal,,,,,www.cabarete-ocean-center.com," 
  Calle Principal Cabarete, Puerto Plata 
  Dominican Republic",,waka.cabarete@gmail.com,,,,,
359,"Chianseng Enterprise Co., Ltd.",2F. No. 21 Tong Fong Street 106 Taipei Taiwan,,Taipei,,Taiwan,106,,,,,+886-2-2702-9090,"2F. No. 21 Tong Fong Street 
  106 Taipei 
  Taiwan",,jasont@ms3.hinet.net,,,,,
360,North Kiteboarding Club Montenegro,"NKB CLUB D.O.O 30000 Bar P. Centar G-9, Bar Serbia and Montenegro",,"P. Centar G-9, Bar",,Serbia and Montenegro,30000 Bar,,,,,"","NKB CLUB D.O.O 
  30000 Bar P. Centar G-9, Bar 
  Serbia and Montenegro",,dealermontenegro@nkbclub.com,,,,,
361,Watersport Consulting International,Masawa Road 4 00000 Masawa City Eritrea,,Masawa City,,Eritrea,00000,,,,,"","Masawa Road 4 
  00000 Masawa City 
  Eritrea",,eritrea@watersport-consulting.com,,,,,
362,WIND FRIENDS COMPANY, Mail Box:83788 TRIPOLI Libya,,TRIPOLI,,Libya,Mail Box:83788,,,,,Skype:jalal_elwalid," 
  Mail Box:83788 TRIPOLI 
  Libya",,windfriends.shop@gmail.com,,,,,
363,Windspirit Club,"Av. 1º Maio N. 4 e 5, Praia da Fonte da Telha 2825-486  Fonte da Telha Portugal",,Fonte da Telha,,Portugal,2825-486 ,,,,,www.windspirit.com.pt,"Av. 1º Maio N. 4 e 5, Praia da Fonte da Telha 
  2825-486  Fonte da Telha 
  Portugal",,geral@windspirit.com.pt,,,,,
364,Vianalocals,"Praia do Cabedelo, Edificio Aquário Bar 4935-160 Viana do Castelo Portugal",,Viana do Castelo,,Portugal,4935-160,,,,,www.vianalocals.com,"Praia do Cabedelo, Edificio Aquário Bar 
  4935-160 Viana do Castelo 
  Portugal",,info@vianalocals.com,,,,,
365,Flagman,Polevaya st. 130000 Aktau   Kazakhstan,,Aktau  ,,Kazakhstan,130000,,,,,"","Polevaya st. 
  130000 Aktau   
  Kazakhstan",,info@flagman.com.kz,,,,,
366,Fiberworks N.V,"L.G. Smith Boulevard 488  Noord, Aruba Aruba",,"Noord, Aruba",,Aruba,"",,,,,www.arubasurfshop.com,"L.G. Smith Boulevard 488 
   Noord, Aruba 
  Aruba",,fiberworks@live.com,,,,,
367,Yamit YSB,Eliezer Peri 14 61061 Tel Aviv Israel,,Tel Aviv,,Israel,61061,,,,,http://www.yamitysb.co.il/,"Eliezer Peri 14 
  61061 Tel Aviv 
  Israel",,aviv@yamitysb.co.il,,,,,
368,Yamit,Eliezer Peri 14 63573 Tel Aviv Israel,,Tel Aviv,,Israel,63573,,,,,"","Eliezer Peri 14 
  63573 Tel Aviv 
  Israel",,eitan@yamitysb.co.il,,,,,
369,Air Fly,pointe faula 97280 Le Vauclin Martinique,,Le Vauclin,,Martinique,97280,,,,,www.airfly972.com ,"pointe faula 
  97280 Le Vauclin 
  Martinique",,info@airfly972.com,,,,,
370,Kiteboarding China CO,"Flat D, 3/F., Wah Ha Factory Building 8 Shipyard Lane Quarry Bay, Hong Kong Hong Kong",,"Quarry Bay, Hong Kong",,Hong Kong,8 Shipyard Lane,,,,,http://www.kiteboardinghongkong.com/,"Flat D, 3/F., Wah Ha Factory Building 
  8 Shipyard Lane Quarry Bay, Hong Kong 
  Hong Kong",,admin@kiteboardinghongkong.com,,,,,
371,Long Coast Seasports,Cheung Sha Lower Beach Rd 68  Lantau Island Hong Kong,,Lantau Island,,Hong Kong,"",,,,,www.longcoast.hk,"Cheung Sha Lower Beach Rd 68 
   Lantau Island 
  Hong Kong",,buy@longcoast.hk,,,,,
372,Sportinglife Hong Kong,"11S Block 2Goldfield Industrial Building,  144 - 150 Tai Lin Pai Road,  Kwai Chung Hong Kong",,Kwai Chung,,Hong Kong,"",,,,,http://sportinglife.hk/,"11S Block 2Goldfield Industrial Building,  144 - 150 Tai Lin Pai Road, 
   Kwai Chung 
  Hong Kong",,info@sportinglife.hk,,,,,
373,Surf Paradise Shop,"Avenida Mario Oliveros, El Yaque, Nueva Esparta, Venezuela  El Yaque Venezuela",,El Yaque,,Venezuela,"",,,,,"","Avenida Mario Oliveros, El Yaque, Nueva Esparta, Venezuela 
   El Yaque 
  Venezuela",,Windshop@grupoparadise.com,,,,,
374,Los Roques Paradise,"Francisqui, Parque Nacional Los Roques, Venezuela  Los Roques National Park Venezuela",,Los Roques National Park,,Venezuela,"",,,,,"","Francisqui, Parque Nacional Los Roques, Venezuela 
   Los Roques National Park 
  Venezuela",,Windshop@grupoparadise.com,,,,,
375,Surf Paradise Shop,Av Mario Oliveros 6301 El Yaque Venezuela,,El Yaque,,Venezuela,6301,,,,,"","Av Mario Oliveros 
  6301 El Yaque 
  Venezuela",,martinsflx@gmail.com,,,,,
376,Adricora Kites,"Adicora kites, Adicora, Venezuela  Adicora Venezuela",,Adicora,,Venezuela,"",,,,,"","Adicora kites, Adicora, Venezuela 
   Adicora 
  Venezuela",,"",,,,,
377,Surf Store,"612-819 41-1, Udong 2-ro Haeundae-gu, Busan-city South Korea",,"Haeundae-gu, Busan-city",,South Korea,"41-1, Udong 2-ro",,,,,www.surfstore.co.kr,"612-819 
  41-1, Udong 2-ro Haeundae-gu, Busan-city 
  South Korea",,info@suin-international.com,,,,,
378,Salty Sports llc,"Khiran, Exit 90  Kuwait Kuwait",,Kuwait,,Kuwait,"",,,,,www.saltysports.com,"Khiran, Exit 90 
   Kuwait 
  Kuwait",,info@saltysports.com,,,,,
379,Salty Sports LLC,   Kuwait,,"",,Kuwait,"",,,,,""," 
    
  Kuwait",,"",,,,,
380,Beach Culture LLC,  Manama Bahrain,,Manama,,Bahrain,"",,,,,""," 
   Manama 
  Bahrain",,mo@sun-and-surf.com,,,,,
381,SrfSnoSk8 Stavanger,Breigaten 4 4006 Stavanger Norway,,Stavanger,,Norway,4006,,,,,"","Breigaten 4 
  4006 Stavanger 
  Norway",,stavanger@srfsnosk8.no,,,,,
382,SrfSnoSk8 Oslo,Munkedamsveien 20 0250 Oslo Norway,,Oslo,,Norway,0250,,,,,"","Munkedamsveien 20 
  0250 Oslo 
  Norway",,oslo@srfsnosk8.no,,,,,
383,SrfSnoSk8 Stavanger,Hillevaagsveien 70 4016  Stavanger Norway,,Stavanger,,Norway,4016 ,,,,,"","Hillevaagsveien 70 
  4016  Stavanger 
  Norway",,Stavanger@srfsnosk8.no,,,,,
384,SrfSnoSk8 Oslo,Munkedamsveien 20 0250  Oslo Norway,,Oslo,,Norway,0250 ,,,,,"","Munkedamsveien 20 
  0250  Oslo 
  Norway",,oslo@srfsnosk8.no,,,,,
385,Windigo,"Svencelės g. 49a, Svencele  96241 Klaipeda county Lithuania",,Klaipeda county,,Lithuania,96241,,,,,www.windigo.lt,"Svencelės g. 49a, Svencele  
  96241 Klaipeda county 
  Lithuania",,info@windigo.lt,,,,,
386,SURFHOUSE,Rinktines str. 55  Vilnius Lithuania,,Vilnius,,Lithuania,"",,,,,www.surfhouse.lt,"Rinktines str. 55 
   Vilnius 
  Lithuania",,info@surfhouse.lt,,,,,
387,Surfhouse Summer Camp,"Svenceles str. 39  Svencele, Klaipdeda county Lithuania",,"Svencele, Klaipdeda county",,Lithuania,"",,,,,camp.surfhouse.lt,"Svenceles str. 39 
   Svencele, Klaipdeda county 
  Lithuania",,camp@surfhouse.lt,,,,,
388,SURFHOUSE kitesurfing school,"Svenceles str. 39  Svencele, Klaipeda county Lithuania",,"Svencele, Klaipeda county",,Lithuania,"",,,,,www.kaitavimomokykla.lt,"Svenceles str. 39 
   Svencele, Klaipeda county 
  Lithuania",,kaitavimomokykla@surfhouse.lt,,,,,
389,Kite Ecuador,Malecon Santa Marianita Sin Numero 130226 Santa Marianita Ecuador,,Santa Marianita,,Ecuador,130226,,,,,http://kiteecuador.com/,"Malecon Santa Marianita Sin Numero 
  130226 Santa Marianita 
  Ecuador",,kite.ecuador@gmail.com,,,,,
390,OCEAN KITE POINT,PRAIA DO OLHO D AGUA - OLHO D AGUA 65.065-150 SÃO LUIS Brazil,,SÃO LUIS,,Brazil,65.065-150,,,,,www.okp.com.br,"PRAIA DO OLHO D AGUA - OLHO D AGUA 
  65.065-150 SÃO LUIS 
  Brazil",,lunarogerio1@gmail.com,,,,,
391,GO KITE ,PICO DAS ALMAS  FLORIANOPOLIS Brazil,,FLORIANOPOLIS,,Brazil,"",,,,,www.gokite.com.br,"PICO DAS ALMAS 
   FLORIANOPOLIS 
  Brazil",,gokite@gokite.com.br,,,,,
392,NO LIMIT SPORTS NATAL ,Rua Oiti – N° 64 - Cidade Verde - Nova Parnamirim -  59.152-070  Parnamirim / RN Brazil,,Parnamirim / RN,,Brazil,59.152-070 ,,,,,www.kiteshop-brasil.com,"Rua Oiti – N° 64 - Cidade Verde - Nova Parnamirim -  
  59.152-070  Parnamirim / RN 
  Brazil",,info@kiteshop-brasil.com,,,,,
393,ACQUA+BOARDSPORTS - Loja 01,"Oswaldo Cruz, 359 - Praia do Cassino  96205-110 Rio Grande - RS  Brazil",,Rio Grande - RS ,,Brazil,96205-110,,,,,acquamais.net,"Oswaldo Cruz, 359 - Praia do Cassino  
  96205-110 Rio Grande - RS  
  Brazil",,acquamais@gmail.com,,,,,
394,ACQUA+BOARDSPORTS - Loja 02,"Av. Jorge Ivan da Costa Gertum, 9805 - Praia do Laranjal  96090-240 Pelotas - RS Brazil",,Pelotas - RS,,Brazil,96090-240,,,,,acquamais.net,"Av. Jorge Ivan da Costa Gertum, 9805 - Praia do Laranjal  
  96090-240 Pelotas - RS 
  Brazil",,acquamais@gmail.com,,,,,
395,No Limit Sports Natal,Rua Oiti – N° 64 / Cidade Verde / Nova Parnamirim 59.152-070  PARNAMIRIM - RN Brazil,,PARNAMIRIM - RN,,Brazil,59.152-070 ,,,,,Www.kiteshop-brasil.com,"Rua Oiti – N° 64 / Cidade Verde / Nova Parnamirim 
  59.152-070  PARNAMIRIM - RN 
  Brazil",,info@kiteshop-brasil.com,,,,,
396,HALLEY WATER SPORTS,TRAIRI CE GUAJIRU  Brazil,,"",,Brazil,GUAJIRU,,,,,halley,"TRAIRI CE 
  GUAJIRU  
  Brazil",,pepe@halleywatersports.com,,,,,
397,SWELL WAVE,AV LITORÂNEA - N° 900 LJ 02 61760-000 Fortaleza Brazil,,Fortaleza,,Brazil,61760-000,,,,,www.facebook.com/swell.wave.9,"AV LITORÂNEA - N° 900 LJ 02 
  61760-000 Fortaleza 
  Brazil",,swellwave@outlook.com,,,,,
398,Al Boom Marine,  Dubai United Arab Emirates,,Dubai,,United Arab Emirates,"",,,,,""," 
   Dubai 
  United Arab Emirates",,mo@sun-and-surf.com,,,,,
399,Al Boom Marine,Jumeirah Beach Road 30439 Dubai United Arab Emirates,,Dubai,,United Arab Emirates,30439,,,,,"","Jumeirah Beach Road 
  30439 Dubai 
  United Arab Emirates",,mo@sun-and-surf.com,,,,,
400,Beyond the Beach,YAS MALL . Abu Dhabi United Arab Emirates,,Abu Dhabi,,United Arab Emirates,.,,,,,"","YAS MALL 
  . Abu Dhabi 
  United Arab Emirates",,mo@sun-and-surf.com,,,,,
401,windcamp,Interkulturna 145 / 49 72312  Kiev Ukraine,,Kiev,,Ukraine,72312 ,,,,,surfsport.com.ua,"Interkulturna 145 / 49 
  72312  Kiev 
  Ukraine",,windsurfforce@gmail.com,,,,,
402,The Brand Stable,"Unit D13, Collingwood House Black River Park South Fir Street, Observatory  Cape Town South Africa",,Cape Town,,South Africa,"",,,,,www.thebrandstable.co.za,"Unit D13, Collingwood House Black River Park South Fir Street, Observatory 
   Cape Town 
  South Africa",,info@thebrandstable.co.za,,,,,
403,The Brand Stable Cape Town,"Horizon Bay, 4 Blaauberg rd, Table View,  Cape Town South Africa",,Cape Town,,South Africa,"",,,,,www.thebrandstable.co.za,"Horizon Bay, 4 Blaauberg rd, Table View, 
   Cape Town 
  South Africa",,andrew@thebrandstable.co.za,,,,,
404,The Brand Stable Langebaan,9 Bree Street  Langebaan South Africa,,Langebaan,,South Africa,"",,,,,www.thebrandstable.co.za,"9 Bree Street 
   Langebaan 
  South Africa",,andrew@thebrandstable.co.za,,,,,
405,Blue Dream Resort ,Guanacaste Province  Bahia Salinas  Costa Rica,,Bahia Salinas ,,Costa Rica,"",,,,,https://bluedreamhotel.com/,"Guanacaste Province 
   Bahia Salinas  
  Costa Rica",,bluedreamcr@gmail.com,,,,,
406,Blue Dream Hotel,playa papaturro 5009 La Cruz Costa Rica,,La Cruz,,Costa Rica,5009,,,,,"","playa papaturro 
  5009 La Cruz 
  Costa Rica",,bertoldi@racsa.co.cr,,,,,
407,Kite Addict Colombia ,Cabo de la Vela    Riohacha Colombia,, Riohacha,,Colombia,"",,,,,http://kiteaddictcolombia.com/en/,"Cabo de la Vela  
    Riohacha 
  Colombia",,info@kiteaddictcolombia.com,,,,,
408,COLOMBIAKITE,. 00000 Cartagena Colombia,,Cartagena,,Colombia,00000,,,,,"",". 
  00000 Cartagena 
  Colombia",,colombiakite@gmail.com,,,,,
409,Colombia Kite,#1 Simon Bolivar 00000 Cali Colombia,,Cali,,Colombia,00000,,,,,"","#1 Simon Bolivar 
  00000 Cali 
  Colombia",,colombiakite@gmail.com,,,,,
410,NAUTICA VELERO,  Playa Puerto Velero Colombia,,Playa Puerto Velero,,Colombia,"",,,,,http://www.nauticavelero.com/," 
   Playa Puerto Velero 
  Colombia",,nauticavelero@yahoo.com,,,,,
411,S.N.A.F.U. s.r.o.,Tupolevova 3 85101 Bratislava Slovakia,,Bratislava,,Slovakia,85101,,,,,www.snafu.sk,"Tupolevova 3 
  85101 Bratislava 
  Slovakia",,info@snafu.sk,,,,,
412,BURUSPORTS,Gaujas 7 LV1026 Riga Latvia,,Riga,,Latvia,LV1026,,,,,"","Gaujas 7 
  LV1026 Riga 
  Latvia",,valdis@burusports.lv,,,,,
413,Surfmotion SomaBay,Safaga Road 12345 Hurghada Egypt,,Hurghada,,Egypt,12345,,,,,"","Safaga Road 
  12345 Hurghada 
  Egypt",,peter@surfmotion.com,,,,,
414,Waterkite VIP Private Kiteboarding School,Hurghada Marina Boulevard  Hurghada Egypt,,Hurghada,,Egypt,"",,,,,"","Hurghada Marina Boulevard 
   Hurghada 
  Egypt",,info@waterkite.de,,,,,
415,FLYKitesurfing,. . Ras-Sudr Egypt,,Ras-Sudr,,Egypt,.,,,,,"",". 
  . Ras-Sudr 
  Egypt",,info@flykitesurfing.com,,,,,
416,THE SURF SHACK,"STE. 1182, 48 PAR LA VILLE RD. HM 13 HAMILTON Bermuda",,HAMILTON,,Bermuda,HM 13,,,,,"","STE. 1182, 48 PAR LA VILLE RD. 
  HM 13 HAMILTON 
  Bermuda",,sstorey@surfshack.bm,,,,,
417,Pure Magic,370 Clontarf Road  Dublin Ireland,,Dublin,,Ireland,"",,,,,"","370 Clontarf Road 
   Dublin 
  Ireland",,info@puremagic.ie,,,,,
418,Trapeze d.o.o.,K. Toncica 4 21000 Split Croatia,,Split,,Croatia,21000,,,,,"","K. Toncica 4 
  21000 Split 
  Croatia",,northcroatia@gmail.com,,,,,
419,Wave shop,Obala A. Trumbica 3 21000 Split Croatia,,Split,,Croatia,21000,,,,,"","Obala A. Trumbica 3 
  21000 Split 
  Croatia",,waveshop@gmail.com,,,,,
420,North Kiteboarding Club Croatia,Laguna Lozna Lozna bb 21450 Hvar Croatia,,Hvar,,Croatia,21450,,,,,"","Laguna Lozna Lozna bb 
  21450 Hvar 
  Croatia",,nkbclubcroatia@nkbclub.com,,,,,
421,Adventure & Spirit,Jl Raya Mas N*62  80 571 Mas - Ubud  Bali Indonesia,,Bali,,Indonesia,"",,,,,"","Jl Raya Mas N*62  80 571 Mas - Ubud 
   Bali 
  Indonesia",,mika@adventureandspirit.com,,,,,
422,Watersport consulting international,Hadiboh Street 4  Socotra Yemen,,Socotra,,Yemen,"",,,,,"","Hadiboh Street 4 
   Socotra 
  Yemen",,yehmen@watersport-consulting.com,,,,,
423,Kiteboarding Ananda,"48 Nguyen Dinh Chieu Ananda Resort Phan Thiet, Mui Ne Vietnam",,"Phan Thiet, Mui Ne",,Vietnam,Ananda Resort,,,,,"","48 Nguyen Dinh Chieu 
  Ananda Resort Phan Thiet, Mui Ne 
  Vietnam",,kim.long.muine@gmail.com,,,,,
424,North Kite Morocco,MOGADOR ELEONORE S.A.R.L BP : 103 44000 ESSAOUIRA Morocco,,ESSAOUIRA,,Morocco,44000,,,,,"","MOGADOR ELEONORE S.A.R.L BP : 103 
  44000 ESSAOUIRA 
  Morocco",,info@northkitemorocco.com,,,,,
425,FRED CLARK,  Khobar Saudi Arabia,,Khobar,,Saudi Arabia,"",,,,,""," 
   Khobar 
  Saudi Arabia",,fredanson40@yahoo.com,,,,,
426,Extreme Sport Sarajevo,Iza gaja 8 71000 Sarajevo Bosnia and Herzegovina,,Sarajevo,,Bosnia and Herzegovina,71000,,,,,"","Iza gaja 8 
  71000 Sarajevo 
  Bosnia and Herzegovina",,info@extremesport.ba,,,,,
427,Powerkiteshop,Euro Business park B69 2EL Oldbury United Kingdom,,Oldbury,,United Kingdom,B69 2EL,,,,,https://www.powerkiteshop.com/duotone-kiteboarding.htm,"Euro Business park 
  B69 2EL Oldbury 
  United Kingdom",,info@powerkiteshop.com,,,,,
428,Bracklesham Board Riders,2 Azara Parade PO20 8HP Bracklesham Bay United Kingdom,,Bracklesham Bay,,United Kingdom,PO20 8HP,,,,,www.brackleshamboardriders.co.uk,"2 Azara Parade 
  PO20 8HP Bracklesham Bay 
  United Kingdom",,info@brackleshamboardriders.co.uk,,,,,
429,H20 Sports,"91 Salterns Road BH14 8BL Poole, Dorset United Kingdom",,"Poole, Dorset",,United Kingdom,BH14 8BL,,,,,https://www.h2o-sports.co.uk/duotone-kiteboarding,"91 Salterns Road 
  BH14 8BL Poole, Dorset 
  United Kingdom",,"",,,,,
430,The Kitesurf Centre,  Camber Sands United Kingdom,,Camber Sands,,United Kingdom,"",,,,,https://shop.thekitesurfcentre.com/," 
   Camber Sands 
  United Kingdom",,"",,,,,
431,BoardWorx,"Beach Walk CT5 2BP Whitstable, Kent United Kingdom",,"Whitstable, Kent",,United Kingdom,CT5 2BP,,,,,"","Beach Walk 
  CT5 2BP Whitstable, Kent 
  United Kingdom",,sales@whitstablewindsurfing.com,,,,,
432,Fluid Lines,13 Peartree Centre CO3 0JN Colchester United Kingdom,,Colchester,,United Kingdom,CO3 0JN,,,,,"","13 Peartree Centre 
  CO3 0JN Colchester 
  United Kingdom",,info@fluid-lines.co.uk,,,,,
433,Funsports,1 Beach Terrace LL64 5QB Rhosneiger United Kingdom,,Rhosneiger,,United Kingdom,LL64 5QB,,,,,"","1 Beach Terrace 
  LL64 5QB Rhosneiger 
  United Kingdom",,bucky@funsports.fsnet.co.uk,,,,,
434,109 Watersports,109 Portland Road DT4 9BG Weymouth United Kingdom,,Weymouth,,United Kingdom,DT4 9BG,,,,,"","109 Portland Road 
  DT4 9BG Weymouth 
  United Kingdom",,info@109watersports.co.uk,,,,,
435,North Wales Kitesurfing,12 Rhys Avenue LL18 5NS Kinmel Bay United Kingdom,,Kinmel Bay,,United Kingdom,LL18 5NS,,,,,"","12 Rhys Avenue 
  LL18 5NS Kinmel Bay 
  United Kingdom",,steve@kiteboardinglessons.co.uk,,,,,
436,Edge Watersports,"Unit 1+2 Shelly Court EX8 1ER Exmouth, Devon United Kingdom",,"Exmouth, Devon",,United Kingdom,EX8 1ER,,,,,"","Unit 1+2 Shelly Court 
  EX8 1ER Exmouth, Devon 
  United Kingdom",,info@edgewatersports.com,,,,,
437,Kitesurfkit,Restronguet TR11 5 Falmouth United Kingdom,,Falmouth,,United Kingdom,TR11 5,,,,,www.kitesurfkit.com,"Restronguet 
  TR11 5 Falmouth 
  United Kingdom",,peter@kitesurfkit.com,,,,,
438,Kite School Jersey,5 Clos St Sampson JE3 8FR St Brelades United Kingdom,,St Brelades,,United Kingdom,JE3 8FR,,,,,"","5 Clos St Sampson 
  JE3 8FR St Brelades 
  United Kingdom",,info@windmadness.com,,,,,
439,Fluid Lines,13 Peartree Centre CO3 0JN Colchester United Kingdom,,Colchester,,United Kingdom,CO3 0JN,,,,,www.fluid-lines.co.uk,"13 Peartree Centre 
  CO3 0JN Colchester 
  United Kingdom",,sales@fluid-lines.co.uk,,,,,
440,Funsport,1 Beach Terrace LL64 5QB Rhosneigr United Kingdom,,Rhosneigr,,United Kingdom,LL64 5QB,,,,,"","1 Beach Terrace 
  LL64 5QB Rhosneigr 
  United Kingdom",,dave@buckys.co.uk,,,,,
441,2Legends by Spinout,Seestrasse 184 8802 Kilchberg Switzerland,,Kilchberg,,Switzerland,8802,,,,,www.2legends.ch,"Seestrasse 184 
  8802 Kilchberg 
  Switzerland",,info@2legends.ch,,,,,
442,Andy's Kite Shop,Aeschistrasse 7 6410 Goldau Switzerland,,Goldau,,Switzerland,6410,,,,,www.kite-shop.ch,"Aeschistrasse 7 
  6410 Goldau 
  Switzerland",,ant@ant.ch,,,,,
443,Air One,Boverie 5 1530 Payerne Switzerland,,Payerne,,Switzerland,1530,,,,,www.airone.ch,"Boverie 5 
  1530 Payerne 
  Switzerland",,olivier@airone.ch,,,,,
444,Boarderhouse ,Seestrasse 216 8267 Berlingen Switzerland,,Berlingen,,Switzerland,8267,,,,,www.boarderhouse.ch,"Seestrasse 216 
  8267 Berlingen 
  Switzerland",,info@boarderhouse.ch,,,,,
445,Caribbean Village AG,Bahnhofplatz 6207 Nottwil Switzerland,,Nottwil,,Switzerland,6207,,,,,www.caribbean-village.ch,"Bahnhofplatz 
  6207 Nottwil 
  Switzerland",,info@beachshop-nottwil.ch,,,,,
446,Get Wet Surfshop,Av. de la Harpe 47 1007 Lausanne Switzerland,,Lausanne,,Switzerland,1007,,,,,www.getwet-surfshop.ch,"Av. de la Harpe 47 
  1007 Lausanne 
  Switzerland",,info@getwet-surfshop.ch,,,,,
447,Goofy & Regular,Moosstrasse 8 6000 Luzern Switzerland,,Luzern,,Switzerland,6000,,,,,http://goofy-regular.ch/,"Moosstrasse 8 
  6000 Luzern 
  Switzerland",,contact@goofy-regular.ch,,,,,
448,H2O Sàrl,Chemin du Vuasset 4 1028 Preverenges Switzerland,,Preverenges,,Switzerland,1028,,,,,www.h2okite.ch,"Chemin du Vuasset 4 
  1028 Preverenges 
  Switzerland",,contact@h2okite.ch,,,,,
449,Hot Tension,Place de l’Hotel de Ville 11 1870 Monthey Switzerland,,Monthey,,Switzerland,1870,,,,,www.hot-tension.ch,"Place de l’Hotel de Ville 11 
  1870 Monthey 
  Switzerland",,jcaebi@hot-tension.ch,,,,,
450,Huwyler Sport,Fläcke 29 CH-6215 Beromünster Switzerland,,Beromünster,,Switzerland,CH-6215,,,,,"","Fläcke 29 
  CH-6215 Beromünster 
  Switzerland",,info@huwylersport.ch,,,,,
451,Kitespot.ch,Via Saliciolo 12 6598 Tenero Switzerland,,Tenero,,Switzerland,6598,,,,,www.kitespot.ch,"Via Saliciolo 12 
  6598 Tenero 
  Switzerland",,kitespot@hotmail.it,,,,,
452,KITESWISS / SUPSWISS SHOP ZÜRICH CITY,Steinstrasse 37 8003 Zürich Switzerland,,Zürich,,Switzerland,8003,,,,,www.kiteswiss.ch,"Steinstrasse 37 
  8003 Zürich 
  Switzerland",,info@kiteswiss.ch,,,,,
453,Kite4you,Speerstrasse 5 9500 Will Switzerland,,Will,,Switzerland,9500,,,,,www.kite4you.ch,"Speerstrasse 5 
  9500 Will 
  Switzerland",,info@kite4you.ch,,,,,
454,Kite Rider GmbH,Chavezweg 5 3911 Ried-Brig  Switzerland,,Ried-Brig ,,Switzerland,3911,,,,,http://www.thekiteshop.eu,"Chavezweg 5 
  3911 Ried-Brig  
  Switzerland",,info@thekiteshop.eu,,,,,
455,Kitedealer.ch,Friedhofstrasse 47 4563 Gerlafingen Switzerland,,Gerlafingen,,Switzerland,4563,,,,,www.kitedealer.ch,"Friedhofstrasse 47 
  4563 Gerlafingen 
  Switzerland",,info@kitedealer.ch,,,,,
456,La Bise Noire,Ryf 89 3280 Murten Switzerland,,Murten,,Switzerland,3280,,,,,www.bisenoire.ch,"Ryf 89 
  3280 Murten 
  Switzerland",,info@bisenoire.ch,,,,,
457,Mountainsurf GmbH,Seestrasse 123 3800 Unterseen Switzerland,,Unterseen,,Switzerland,3800,,,,,www.mountainsurf-kiteshop.ch,"Seestrasse 123 
  3800 Unterseen 
  Switzerland",,mail@mountainsurf-kiteshop.ch,,,,,
458,Pro Kitesports,Gaswerkstrasse 30 8840 Einsiedeln Switzerland,,Einsiedeln,,Switzerland,8840,,,,,www.prokitesports.ch,"Gaswerkstrasse 30 
  8840 Einsiedeln 
  Switzerland",,info@prokitesports.ch,,,,,
459,Spinout AG,Sägestrasse 46 5600 Lenzburg Switzerland,,Lenzburg,,Switzerland,5600,,,,,http://www.spinoutshop.ch,"Sägestrasse 46 
  5600 Lenzburg 
  Switzerland",,info@spinoutshop.ch,,,,,
460,Sport Trend Shop,Heuweidli 8340 Hinwil Switzerland,,Hinwil,,Switzerland,8340,,,,,www.sport-trend-shop.ch,"Heuweidli 
  8340 Hinwil 
  Switzerland",,info@sts-online.ch,,,,,
461,Surfgarage Bichelsee GmbH,Brenngrüttistrasse 10 8363 Bichelsee Switzerland,,Bichelsee,,Switzerland,8363,,,,,www.surfgarage-bichelsee.ch,"Brenngrüttistrasse 10 
  8363 Bichelsee 
  Switzerland",,info@surfgarage-bichelsee.ch,,,,,
462,Swiss Kitesurf GmbH,Sportzentrum Mulets 7513 Silvaplana Switzerland,,Silvaplana,,Switzerland,7513,,,,,www.kitesailing.ch,"Sportzentrum Mulets 
  7513 Silvaplana 
  Switzerland",,info@kitesailing.ch,,,,,
463,Technosurf Proshop,Route de Colovrex 15 1218 Le Grand-Saconnex Switzerland,,Le Grand-Saconnex,,Switzerland,1218,,,,,www.technosurf.ch,"Route de Colovrex 15 
  1218 Le Grand-Saconnex 
  Switzerland",,info@technosurf.ch,,,,,
464,Vento Co. (Dystrybutor),ul. Krakowska 17a 50-424 Wroclaw Poland,,Wroclaw,,Poland,50-424,,,,,www.vento.pl,"ul. Krakowska 17a 
  50-424 Wroclaw 
  Poland",,biuro@vento.pl,,,,,
465,Aloha shop & kiteboarding school,Sztormowa 3 81-198 Rewa Poland,,Rewa,,Poland,81-198,,,,,"","Sztormowa 3 
  81-198 Rewa 
  Poland",,info@aloha.pl,,,,,
466,Angoola,al. Różana 70 Włynkówko 76-200 Słupsk Poland,,Słupsk,,Poland,76-200,,,,,"","al. Różana 70 Włynkówko 
  76-200 Słupsk 
  Poland",,angoola@angoola.pl,,,,,
467,Automax,Kemping Maszoperia ul. Mickiewicza 139 84-140 Jastarnia Poland,,Jastarnia,,Poland,84-140,,,,,"","Kemping Maszoperia ul. Mickiewicza 139 
  84-140 Jastarnia 
  Poland",,jurgen2@kitesurfshop.pl,,,,,
468,Automax,ul. Matejki 1a 19-300 Ełk Poland,,Ełk,,Poland,19-300,,,,,"","ul. Matejki 1a 
  19-300 Ełk 
  Poland",,jurgen@kitesurfshop.pl,,,,,
469,Emes Sport,Antoniuk Fabryczny 8a 15-741 Białystok Poland,,Białystok,,Poland,15-741,,,,,"","Antoniuk Fabryczny 8a 
  15-741 Białystok 
  Poland",,biuro@emes-sport.com.pl,,,,,
470,Freesport,Kemping Kaper  Mierzeja Helska Poland,,Mierzeja Helska,,Poland,"",,,,,"","Kemping Kaper 
   Mierzeja Helska 
  Poland",,info@3surf.pl,,,,,
471,Funsport,Polna 3 84-140 Jastarnia Poland,,Jastarnia,,Poland,84-140,,,,,"","Polna 3 
  84-140 Jastarnia 
  Poland",,funsport@post.pl,,,,,
472,Fun Wind,Wał Miedzeszyński 377 03-980 Warszawa Poland,,Warszawa,,Poland,03-980,,,,,www.funwind.com.pl,"Wał Miedzeszyński 377 
  03-980 Warszawa 
  Poland",,info@funwind.com.pl,,,,,
473,Easy Surf Shop,Warszawska 39/41 61-028 Poznań Poland,,Poznań,,Poland,61-028,,,,,www.easy-surfshop.com,"Warszawska 39/41 
  61-028 Poznań 
  Poland",,info@easy-surfshop.pl,,,,,
474,EnergySports,Welecka 1a 72-006 Mierzyn k .Szczecina Poland,,Mierzyn k .Szczecina,,Poland,72-006,,,,,www.EnergySports.pl,"Welecka 1a 
  72-006 Mierzyn k .Szczecina 
  Poland",,sklep@energysports.pl,,,,,
475,Hydrosfera,ul. Starowiejska 35  84-120 Władysławowo Poland,,Władysławowo,,Poland, 84-120,,,,,www.hydrosfera.pl,"ul. Starowiejska 35 
   84-120 Władysławowo 
  Poland",,info@hydrosfera.pl,,,,,
476,KiteNinja.pl,Chwarzno 81-601 Gdynia Poland,,Gdynia,,Poland,81-601,,,,,www.kiteninja.pl,"Chwarzno 
  81-601 Gdynia 
  Poland",,sklep@kiteninja.pl,,,,,
477,KitePark,Kemping Chalupy 4 Solar 84-120 Płw. Helski Poland,,Płw. Helski,,Poland,84-120,,,,,"","Kemping Chalupy 4 Solar 
  84-120 Płw. Helski 
  Poland",,piotras@kitepark.pl,,,,,
478,Profi,Slowackiego 145 44+100 Gliwice Poland,,Gliwice,,Poland,44+100,,,,,32 300 90 49,"Slowackiego 145 
  44+100 Gliwice 
  Poland",,f2profi@neostrada.pl,,,,,
479,Profi Style,Slowackiego 93 44-100 Gliwice Poland,,Gliwice,,Poland,44-100,,,,,"","Slowackiego 93 
  44-100 Gliwice 
  Poland",,sklep@profistyle.pl,,,,,
480,Surfoteka,Hestii 3 81-731 Sopot Poland,,Sopot,,Poland,81-731,,,,,www.surfoteka.pl,"Hestii 3 
  81-731 Sopot 
  Poland",,info@surfoteka.pl,,,,,
481,Surf-SPORT,Dabrowskiego 185 60-594 Poznan Poland,,Poznan,,Poland,60-594,,,,,www.surf-sport.com,"Dabrowskiego 185 
  60-594 Poznan 
  Poland",,info@surf-sport.com,,,,,
482,SURFHANGAR,Targowa 42 84-230 Rumia Poland,,Rumia,,Poland,84-230,,,,,"","Targowa 42 
  84-230 Rumia 
  Poland",,info@surfhangar.com,,,,,
483,Scandal,Kemping Albatros Chałupy 5 - Płw. Helski Poland,,Płw. Helski,,Poland,-,,,,,"","Kemping Albatros Chałupy 5 
  - Płw. Helski 
  Poland",,maciek@scandal.pl,,,,,
484,Soulriders,Plaża Srebrna Riwiera 82-340 Tolkmicko Poland,,Tolkmicko,,Poland,82-340,,,,,"","Plaża Srebrna Riwiera 
  82-340 Tolkmicko 
  Poland",,kontakt@soulriders.pl,,,,,
485,Surfbaltyk,ul. Szczecińska 58a 76-200 Słupsk Poland,,Słupsk,,Poland,76-200,,,,,"","ul. Szczecińska 58a 
  76-200 Słupsk 
  Poland",,surfbaltyk@poczta.onet.pl,,,,,
486,Surfpołudnie,Robotnicza 20 32-200 Miechów Poland,,Miechów,,Poland,32-200,,,,,"","Robotnicza 20 
  32-200 Miechów 
  Poland",,biuro@surfpoludnie.com,,,,,
487,Surfshop.pl,Ostrobramska 38b (wjazd od ul. Rodziewiczówny) 04-193 Warszawa Poland,,Warszawa,,Poland,04-193,,,,,www.surfshop.pl,"Ostrobramska 38b (wjazd od ul. Rodziewiczówny) 
  04-193 Warszawa 
  Poland",,info@surfshop.pl,,,,,
488,Surfshop.pl (Chałupy),Kaperska 4 84-120 Chałupy Poland,,Chałupy,,Poland,84-120,,,,,www.surfshop.pl,"Kaperska 4 
  84-120 Chałupy 
  Poland",,chalupy@surfshop.pl,,,,,
489,Surfoteka (kemping DRAGA),ul. Polna 5 84-120 Jastarnia Poland,,Jastarnia,,Poland,84-120,,,,,www.surfoteka.pl,"ul. Polna 5 
  84-120 Jastarnia 
  Poland",,info2@surfoteka.pl,,,,,
490,Surfmix,ul. Gliwicka 4 59-220 Legnica Poland,,Legnica,,Poland,59-220,,,,,"","ul. Gliwicka 4 
  59-220 Legnica 
  Poland",,biuro@surfmix.com,,,,,
491,Studio 96,Dzika 4a/82 00-172 Warszawa Poland,,Warszawa,,Poland,00-172,,,,,"","Dzika 4a/82 
  00-172 Warszawa 
  Poland",,andrzej.studio96@wp.pl,,,,,
492,Take Off (kemping DRAGA),ul. Polna 5 84-140 Jastarnia Poland,,Jastarnia,,Poland,84-140,,,,,www.kitenation.pl,"ul. Polna 5 
  84-140 Jastarnia 
  Poland",,mariusz@kitenation.pl,,,,,
493,Zibi-t,ul. Stefana Szparagi 9 05-870 Błonie Poland,,Błonie,,Poland,05-870,,,,,"","ul. Stefana Szparagi 9 
  05-870 Błonie 
  Poland",,zibi-t@wp.pl,,,,,
